USE [QUANGHANHABC]
GO
SET IDENTITY_INSERT [dbo].[CongViec] ON 

GO
INSERT [dbo].[CongViec] ([MaCongViec], [TenCongViec], [ThangLuong], [PhuCap]) VALUES (1, N'Giám đốc', N'TKV 09.2', NULL)
GO
INSERT [dbo].[CongViec] ([MaCongViec], [TenCongViec], [ThangLuong], [PhuCap]) VALUES (2, N'Phó giám đốc', N'TKV 09.3', NULL)
GO
INSERT [dbo].[CongViec] ([MaCongViec], [TenCongViec], [ThangLuong], [PhuCap]) VALUES (3, N'Kế toán trưởng', N'TKV 09.4', NULL)
GO
INSERT [dbo].[CongViec] ([MaCongViec], [TenCongViec], [ThangLuong], [PhuCap]) VALUES (4, N'Bí thư đảng uỷ', N'TKV 09.2', NULL)
GO
INSERT [dbo].[CongViec] ([MaCongViec], [TenCongViec], [ThangLuong], [PhuCap]) VALUES (5, N'Phó bí thư đảng uỷ', N'TKV 09.3', NULL)
GO
INSERT [dbo].[CongViec] ([MaCongViec], [TenCongViec], [ThangLuong], [PhuCap]) VALUES (6, N'Chánh văn phòng đảng uỷ', N'TKV 08.3.VII', NULL)
GO
INSERT [dbo].[CongViec] ([MaCongViec], [TenCongViec], [ThangLuong], [PhuCap]) VALUES (7, N'Chánh văn phòng Công đoàn', N'TKV 08.3.VII', NULL)
GO
INSERT [dbo].[CongViec] ([MaCongViec], [TenCongViec], [ThangLuong], [PhuCap]) VALUES (8, N'Chủ tịch công đoàn', N'TKV 09.3', NULL)
GO
INSERT [dbo].[CongViec] ([MaCongViec], [TenCongViec], [ThangLuong], [PhuCap]) VALUES (9, N'Phó chủ tịch Công đoàn', N'TKV 08.3.VII', NULL)
GO
INSERT [dbo].[CongViec] ([MaCongViec], [TenCongViec], [ThangLuong], [PhuCap]) VALUES (10, N'Bí thư đoàn thanh niên', N'TKV 08.3.VII', NULL)
GO
INSERT [dbo].[CongViec] ([MaCongViec], [TenCongViec], [ThangLuong], [PhuCap]) VALUES (11, N'Phó bí thư đoàn thanh niên', N'TKV 08.3.VII', NULL)
GO
INSERT [dbo].[CongViec] ([MaCongViec], [TenCongViec], [ThangLuong], [PhuCap]) VALUES (12, N'Trưởng phòng', N'TKV 08.3.VII', 724000)
GO
INSERT [dbo].[CongViec] ([MaCongViec], [TenCongViec], [ThangLuong], [PhuCap]) VALUES (13, N'Phó trưởng phòng', N'TKV 08.3.VII', 579000)
GO
INSERT [dbo].[CongViec] ([MaCongViec], [TenCongViec], [ThangLuong], [PhuCap]) VALUES (14, N'Quản đốc', N'TKV 08.3.VII', 724000)
GO
INSERT [dbo].[CongViec] ([MaCongViec], [TenCongViec], [ThangLuong], [PhuCap]) VALUES (15, N'Kỹ thuật viên phân xưởng', N'TKV 08.3.VII', NULL)
GO
INSERT [dbo].[CongViec] ([MaCongViec], [TenCongViec], [ThangLuong], [PhuCap]) VALUES (16, N'Phó quản đốc', N'TKV 08.3.VII', 579000)
GO
INSERT [dbo].[CongViec] ([MaCongViec], [TenCongViec], [ThangLuong], [PhuCap]) VALUES (17, N'Nhân viên kinh tế', N'TKV 08.3.VII', NULL)
GO
INSERT [dbo].[CongViec] ([MaCongViec], [TenCongViec], [ThangLuong], [PhuCap]) VALUES (18, N'Nhân viên', N'TKV 08.4.VII', NULL)
GO
INSERT [dbo].[CongViec] ([MaCongViec], [TenCongViec], [ThangLuong], [PhuCap]) VALUES (19, N'Cơ điện trưởng', N'TKV 08.3.VII', 579000)
GO
INSERT [dbo].[CongViec] ([MaCongViec], [TenCongViec], [ThangLuong], [PhuCap]) VALUES (20, N'Giám sát viên an toàn', N'TKV 08.3.VII', NULL)
GO
INSERT [dbo].[CongViec] ([MaCongViec], [TenCongViec], [ThangLuong], [PhuCap]) VALUES (21, N'Trực y tế dưới hầm lò', N'TKV 08.4.VII', NULL)
GO
INSERT [dbo].[CongViec] ([MaCongViec], [TenCongViec], [ThangLuong], [PhuCap]) VALUES (22, N'Y tá', N'TKV 08.4.VII', NULL)
GO
INSERT [dbo].[CongViec] ([MaCongViec], [TenCongViec], [ThangLuong], [PhuCap]) VALUES (23, N'Chuyên viên', N'TKV 08.3.VII', NULL)
GO
INSERT [dbo].[CongViec] ([MaCongViec], [TenCongViec], [ThangLuong], [PhuCap]) VALUES (24, N'Khai thác hầm lò', N'TKV 01.NI.VII', NULL)
GO
INSERT [dbo].[CongViec] ([MaCongViec], [TenCongViec], [ThangLuong], [PhuCap]) VALUES (25, N'Lò trưởng', N'TKV 01.NI.VII', NULL)
GO
INSERT [dbo].[CongViec] ([MaCongViec], [TenCongViec], [ThangLuong], [PhuCap]) VALUES (26, N'Gương trưởng', N'TKV 01.NI.VII', NULL)
GO
INSERT [dbo].[CongViec] ([MaCongViec], [TenCongViec], [ThangLuong], [PhuCap]) VALUES (27, N'Công nhân quan trắc', N'TKV 02.NI.VII', NULL)
GO
INSERT [dbo].[CongViec] ([MaCongViec], [TenCongViec], [ThangLuong], [PhuCap]) VALUES (28, N'Nấu ăn', N'TKV 02.NII.VII', NULL)
GO
INSERT [dbo].[CongViec] ([MaCongViec], [TenCongViec], [ThangLuong], [PhuCap]) VALUES (29, N'Tạp vụ, bán căng tin', N'TKV 02.NII.VII', NULL)
GO
INSERT [dbo].[CongViec] ([MaCongViec], [TenCongViec], [ThangLuong], [PhuCap]) VALUES (30, N'Công nhân cấp phát bồi dưỡng', N'TKV 02.NII.VII', NULL)
GO
SET IDENTITY_INSERT [dbo].[CongViec] OFF
GO
INSERT [dbo].[Department] ([department_id], [department_name], [department_type]) VALUES (N'DL1', N'Đào lò 1', N'Phân xưởng')
GO
INSERT [dbo].[Department] ([department_id], [department_name], [department_type]) VALUES (N'DL2', N'Đào lò 2', N'Phân xưởng')
GO
INSERT [dbo].[Department] ([department_id], [department_name], [department_type]) VALUES (N'DL3', N'Đào lò 3', N'Phân xưởng')
GO
INSERT [dbo].[Department] ([department_id], [department_name], [department_type]) VALUES (N'DL4', N'Đào lò 4', N'Phân xưởng')
GO
INSERT [dbo].[Department] ([department_id], [department_name], [department_type]) VALUES (N'DL5', N'Đào lò 5', N'Phân xưởng')
GO
INSERT [dbo].[Department] ([department_id], [department_name], [department_type]) VALUES (N'KT1', N'Khai thác 1', N'Phân xưởng')
GO
INSERT [dbo].[Department] ([department_id], [department_name], [department_type]) VALUES (N'KT2', N'Khai thác 2', N'Phân xưởng')
GO
INSERT [dbo].[Department] ([department_id], [department_name], [department_type]) VALUES (N'KT3', N'Khai thác 3', N'Phân xưởng')
GO
INSERT [dbo].[Department] ([department_id], [department_name], [department_type]) VALUES (N'KT4', N'Khai thác 4', N'Phân xưởng')
GO
INSERT [dbo].[Department] ([department_id], [department_name], [department_type]) VALUES (N'KT5', N'Khai thác 5', N'Phân xưởng')
GO
INSERT [dbo].[Department] ([department_id], [department_name], [department_type]) VALUES (N'LT', N'Lộ thiên', N'Phân xưởng')
GO
SET IDENTITY_INSERT [dbo].[TrangThai] ON 

GO
INSERT [dbo].[TrangThai] ([MaTrangThai], [TenTrangThai]) VALUES (1, N'Dang di lam')
GO
INSERT [dbo].[TrangThai] ([MaTrangThai], [TenTrangThai]) VALUES (2, N'Dang di lam')
GO
SET IDENTITY_INSERT [dbo].[TrangThai] OFF
GO
INSERT [dbo].[NhanVien] ([MaNV], [Ten], [Tenkhac], [GioiTinh], [CapUyHienTai], [CapUyKiem], [PhuCapChucVu], [NgaySinh], [NoiSinh], [DanToc], [QueQuan], [TonGiao], [NoiOHienTai], [SoDienThoai], [TPGiaDinhXuatThan], [NgayThamGiaCachMang], [NgayVaoDangCSVN], [NgayChinhThuc], [NgayVaoToChucCTXH], [ToChuc], [NgayNhapNgu], [NgayXuatNgu], [QuanHamChucVuCaoNhat], [HocHamHocViCaoNhat], [LyLuanChinhTri], [NgoaiNgu], [CongTacChinhDangLam], [NgachCongChuc], [MaNgach], [DanhHieuDuocPhong], [SoTruongCongTac], [CongViecDaLamLauNhat], [KhenThuong], [KyLuat], [TinhTrangSucKhoe], [ChiTietSucKhoe], [ChieuCao], [CanNang], [NhomMau], [HangThuongBinh], [GiaDinhChinhSach], [SoCMND], [NgayCapCMND], [NoiCapCMND], [NgayDiLam], [MaPhongBan], [MaUyQuyen], [SoBHXH], [NgayTraBHXH], [LoaiNhanVien], [MaCongViec], [MucLuong], [MaChuyenNganh], [MaTrinhDo], [MaTruong], [BacLuong], [NgheTruoc], [NgayTuyenDungTruoc], [CoQuanTruoc], [HeSo], [TuThang], [MaTrangThai]) VALUES (N'1234', N'Sơn Bá', NULL, 0, NULL, NULL, NULL, CAST(0x5B400B00 AS Date), NULL, NULL, NULL, N'Kinh', NULL, NULL, NULL, CAST(0x95230B00 AS Date), CAST(0x95230B00 AS Date), CAST(0x95230B00 AS Date), CAST(0x95230B00 AS Date), NULL, CAST(0x95230B00 AS Date), CAST(0x95230B00 AS Date), NULL, NULL, NULL, NULL, NULL, NULL, NULL, NULL, NULL, NULL, NULL, NULL, N'khoe', NULL, NULL, NULL, NULL, N'0', NULL, NULL, CAST(0x95230B00 AS Date), NULL, CAST(0x95230B00 AS Date), N'DL1', NULL, NULL, CAST(0x95230B00 AS Date), NULL, NULL, NULL, NULL, NULL, NULL, NULL, NULL, NULL, NULL, NULL, NULL, 1)
GO
INSERT [dbo].[NhanVien] ([MaNV], [Ten], [Tenkhac], [GioiTinh], [CapUyHienTai], [CapUyKiem], [PhuCapChucVu], [NgaySinh], [NoiSinh], [DanToc], [QueQuan], [TonGiao], [NoiOHienTai], [SoDienThoai], [TPGiaDinhXuatThan], [NgayThamGiaCachMang], [NgayVaoDangCSVN], [NgayChinhThuc], [NgayVaoToChucCTXH], [ToChuc], [NgayNhapNgu], [NgayXuatNgu], [QuanHamChucVuCaoNhat], [HocHamHocViCaoNhat], [LyLuanChinhTri], [NgoaiNgu], [CongTacChinhDangLam], [NgachCongChuc], [MaNgach], [DanhHieuDuocPhong], [SoTruongCongTac], [CongViecDaLamLauNhat], [KhenThuong], [KyLuat], [TinhTrangSucKhoe], [ChiTietSucKhoe], [ChieuCao], [CanNang], [NhomMau], [HangThuongBinh], [GiaDinhChinhSach], [SoCMND], [NgayCapCMND], [NoiCapCMND], [NgayDiLam], [MaPhongBan], [MaUyQuyen], [SoBHXH], [NgayTraBHXH], [LoaiNhanVien], [MaCongViec], [MucLuong], [MaChuyenNganh], [MaTrinhDo], [MaTruong], [BacLuong], [NgheTruoc], [NgayTuyenDungTruoc], [CoQuanTruoc], [HeSo], [TuThang], [MaTrangThai]) VALUES (N'8056', N'Cao Thành Duy', NULL, 1, NULL, NULL, NULL, CAST(0x171C0B00 AS Date), NULL, NULL, NULL, NULL, NULL, N'01659166660', NULL, CAST(0x95230B00 AS Date), CAST(0x95230B00 AS Date), CAST(0x95230B00 AS Date), CAST(0x95230B00 AS Date), NULL, CAST(0x95230B00 AS Date), CAST(0x95230B00 AS Date), NULL, NULL, NULL, NULL, NULL, NULL, NULL, NULL, NULL, NULL, NULL, NULL, NULL, NULL, NULL, NULL, NULL, NULL, NULL, NULL, CAST(0x95230B00 AS Date), NULL, CAST(0x95230B00 AS Date), N'DL1', NULL, NULL, CAST(0x95230B00 AS Date), NULL, NULL, NULL, NULL, NULL, NULL, NULL, NULL, NULL, NULL, NULL, NULL, 1)
GO
INSERT [dbo].[NhanVien] ([MaNV], [Ten], [Tenkhac], [GioiTinh], [CapUyHienTai], [CapUyKiem], [PhuCapChucVu], [NgaySinh], [NoiSinh], [DanToc], [QueQuan], [TonGiao], [NoiOHienTai], [SoDienThoai], [TPGiaDinhXuatThan], [NgayThamGiaCachMang], [NgayVaoDangCSVN], [NgayChinhThuc], [NgayVaoToChucCTXH], [ToChuc], [NgayNhapNgu], [NgayXuatNgu], [QuanHamChucVuCaoNhat], [HocHamHocViCaoNhat], [LyLuanChinhTri], [NgoaiNgu], [CongTacChinhDangLam], [NgachCongChuc], [MaNgach], [DanhHieuDuocPhong], [SoTruongCongTac], [CongViecDaLamLauNhat], [KhenThuong], [KyLuat], [TinhTrangSucKhoe], [ChiTietSucKhoe], [ChieuCao], [CanNang], [NhomMau], [HangThuongBinh], [GiaDinhChinhSach], [SoCMND], [NgayCapCMND], [NoiCapCMND], [NgayDiLam], [MaPhongBan], [MaUyQuyen], [SoBHXH], [NgayTraBHXH], [LoaiNhanVien], [MaCongViec], [MucLuong], [MaChuyenNganh], [MaTrinhDo], [MaTruong], [BacLuong], [NgheTruoc], [NgayTuyenDungTruoc], [CoQuanTruoc], [HeSo], [TuThang], [MaTrangThai]) VALUES (N'8057', N'Lưu Đức Thắng', NULL, 1, NULL, NULL, NULL, CAST(0x2F1D0B00 AS Date), NULL, NULL, NULL, NULL, NULL, N'0962168826', NULL, CAST(0x95230B00 AS Date), CAST(0x95230B00 AS Date), CAST(0x95230B00 AS Date), CAST(0x95230B00 AS Date), NULL, CAST(0x95230B00 AS Date), CAST(0x95230B00 AS Date), NULL, NULL, NULL, NULL, NULL, NULL, NULL, NULL, NULL, NULL, NULL, NULL, NULL, NULL, NULL, NULL, NULL, NULL, NULL, NULL, CAST(0x95230B00 AS Date), NULL, CAST(0x95230B00 AS Date), N'DL1', NULL, NULL, CAST(0x95230B00 AS Date), NULL, NULL, NULL, NULL, NULL, NULL, NULL, NULL, NULL, NULL, NULL, NULL, 1)
GO
INSERT [dbo].[NhanVien] ([MaNV], [Ten], [Tenkhac], [GioiTinh], [CapUyHienTai], [CapUyKiem], [PhuCapChucVu], [NgaySinh], [NoiSinh], [DanToc], [QueQuan], [TonGiao], [NoiOHienTai], [SoDienThoai], [TPGiaDinhXuatThan], [NgayThamGiaCachMang], [NgayVaoDangCSVN], [NgayChinhThuc], [NgayVaoToChucCTXH], [ToChuc], [NgayNhapNgu], [NgayXuatNgu], [QuanHamChucVuCaoNhat], [HocHamHocViCaoNhat], [LyLuanChinhTri], [NgoaiNgu], [CongTacChinhDangLam], [NgachCongChuc], [MaNgach], [DanhHieuDuocPhong], [SoTruongCongTac], [CongViecDaLamLauNhat], [KhenThuong], [KyLuat], [TinhTrangSucKhoe], [ChiTietSucKhoe], [ChieuCao], [CanNang], [NhomMau], [HangThuongBinh], [GiaDinhChinhSach], [SoCMND], [NgayCapCMND], [NoiCapCMND], [NgayDiLam], [MaPhongBan], [MaUyQuyen], [SoBHXH], [NgayTraBHXH], [LoaiNhanVien], [MaCongViec], [MucLuong], [MaChuyenNganh], [MaTrinhDo], [MaTruong], [BacLuong], [NgheTruoc], [NgayTuyenDungTruoc], [CoQuanTruoc], [HeSo], [TuThang], [MaTrangThai]) VALUES (N'8058', N'Đào Văn Thành', NULL, 1, NULL, NULL, NULL, CAST(0xB31D0B00 AS Date), NULL, NULL, NULL, NULL, NULL, N'0963382104', NULL, CAST(0x95230B00 AS Date), CAST(0x95230B00 AS Date), CAST(0x95230B00 AS Date), CAST(0x95230B00 AS Date), NULL, CAST(0x95230B00 AS Date), CAST(0x95230B00 AS Date), NULL, NULL, NULL, NULL, NULL, NULL, NULL, NULL, NULL, NULL, NULL, NULL, NULL, NULL, NULL, NULL, NULL, NULL, NULL, NULL, CAST(0x95230B00 AS Date), NULL, CAST(0x95230B00 AS Date), N'DL1', NULL, NULL, CAST(0x95230B00 AS Date), NULL, NULL, NULL, NULL, NULL, NULL, NULL, NULL, NULL, NULL, NULL, NULL, 1)
GO
INSERT [dbo].[NhanVien] ([MaNV], [Ten], [Tenkhac], [GioiTinh], [CapUyHienTai], [CapUyKiem], [PhuCapChucVu], [NgaySinh], [NoiSinh], [DanToc], [QueQuan], [TonGiao], [NoiOHienTai], [SoDienThoai], [TPGiaDinhXuatThan], [NgayThamGiaCachMang], [NgayVaoDangCSVN], [NgayChinhThuc], [NgayVaoToChucCTXH], [ToChuc], [NgayNhapNgu], [NgayXuatNgu], [QuanHamChucVuCaoNhat], [HocHamHocViCaoNhat], [LyLuanChinhTri], [NgoaiNgu], [CongTacChinhDangLam], [NgachCongChuc], [MaNgach], [DanhHieuDuocPhong], [SoTruongCongTac], [CongViecDaLamLauNhat], [KhenThuong], [KyLuat], [TinhTrangSucKhoe], [ChiTietSucKhoe], [ChieuCao], [CanNang], [NhomMau], [HangThuongBinh], [GiaDinhChinhSach], [SoCMND], [NgayCapCMND], [NoiCapCMND], [NgayDiLam], [MaPhongBan], [MaUyQuyen], [SoBHXH], [NgayTraBHXH], [LoaiNhanVien], [MaCongViec], [MucLuong], [MaChuyenNganh], [MaTrinhDo], [MaTruong], [BacLuong], [NgheTruoc], [NgayTuyenDungTruoc], [CoQuanTruoc], [HeSo], [TuThang], [MaTrangThai]) VALUES (N'8059', N'Nguyễn Văn Đại', NULL, 1, NULL, NULL, NULL, CAST(0x69170B00 AS Date), NULL, NULL, NULL, NULL, NULL, N'0974089302', NULL, CAST(0x95230B00 AS Date), CAST(0x95230B00 AS Date), CAST(0x95230B00 AS Date), CAST(0x95230B00 AS Date), NULL, CAST(0x95230B00 AS Date), CAST(0x95230B00 AS Date), NULL, NULL, NULL, NULL, NULL, NULL, NULL, NULL, NULL, NULL, NULL, NULL, NULL, NULL, NULL, NULL, NULL, NULL, NULL, NULL, CAST(0x95230B00 AS Date), NULL, CAST(0x95230B00 AS Date), N'DL1', NULL, NULL, CAST(0x95230B00 AS Date), NULL, NULL, NULL, NULL, NULL, NULL, NULL, NULL, NULL, NULL, NULL, NULL, 1)
GO
INSERT [dbo].[NhanVien] ([MaNV], [Ten], [Tenkhac], [GioiTinh], [CapUyHienTai], [CapUyKiem], [PhuCapChucVu], [NgaySinh], [NoiSinh], [DanToc], [QueQuan], [TonGiao], [NoiOHienTai], [SoDienThoai], [TPGiaDinhXuatThan], [NgayThamGiaCachMang], [NgayVaoDangCSVN], [NgayChinhThuc], [NgayVaoToChucCTXH], [ToChuc], [NgayNhapNgu], [NgayXuatNgu], [QuanHamChucVuCaoNhat], [HocHamHocViCaoNhat], [LyLuanChinhTri], [NgoaiNgu], [CongTacChinhDangLam], [NgachCongChuc], [MaNgach], [DanhHieuDuocPhong], [SoTruongCongTac], [CongViecDaLamLauNhat], [KhenThuong], [KyLuat], [TinhTrangSucKhoe], [ChiTietSucKhoe], [ChieuCao], [CanNang], [NhomMau], [HangThuongBinh], [GiaDinhChinhSach], [SoCMND], [NgayCapCMND], [NoiCapCMND], [NgayDiLam], [MaPhongBan], [MaUyQuyen], [SoBHXH], [NgayTraBHXH], [LoaiNhanVien], [MaCongViec], [MucLuong], [MaChuyenNganh], [MaTrinhDo], [MaTruong], [BacLuong], [NgheTruoc], [NgayTuyenDungTruoc], [CoQuanTruoc], [HeSo], [TuThang], [MaTrangThai]) VALUES (N'8060', N'Phạm Duy Hùng', NULL, 1, NULL, NULL, NULL, CAST(0xC41C0B00 AS Date), NULL, NULL, NULL, NULL, NULL, N'01689223039', NULL, CAST(0x95230B00 AS Date), CAST(0x95230B00 AS Date), CAST(0x95230B00 AS Date), CAST(0x95230B00 AS Date), NULL, CAST(0x95230B00 AS Date), CAST(0x95230B00 AS Date), NULL, NULL, NULL, NULL, NULL, NULL, NULL, NULL, NULL, NULL, NULL, NULL, NULL, NULL, NULL, NULL, NULL, NULL, NULL, NULL, CAST(0x95230B00 AS Date), NULL, CAST(0x95230B00 AS Date), N'DL1', NULL, NULL, CAST(0x95230B00 AS Date), NULL, NULL, NULL, NULL, NULL, NULL, NULL, NULL, NULL, NULL, NULL, NULL, 1)
GO
INSERT [dbo].[NhanVien] ([MaNV], [Ten], [Tenkhac], [GioiTinh], [CapUyHienTai], [CapUyKiem], [PhuCapChucVu], [NgaySinh], [NoiSinh], [DanToc], [QueQuan], [TonGiao], [NoiOHienTai], [SoDienThoai], [TPGiaDinhXuatThan], [NgayThamGiaCachMang], [NgayVaoDangCSVN], [NgayChinhThuc], [NgayVaoToChucCTXH], [ToChuc], [NgayNhapNgu], [NgayXuatNgu], [QuanHamChucVuCaoNhat], [HocHamHocViCaoNhat], [LyLuanChinhTri], [NgoaiNgu], [CongTacChinhDangLam], [NgachCongChuc], [MaNgach], [DanhHieuDuocPhong], [SoTruongCongTac], [CongViecDaLamLauNhat], [KhenThuong], [KyLuat], [TinhTrangSucKhoe], [ChiTietSucKhoe], [ChieuCao], [CanNang], [NhomMau], [HangThuongBinh], [GiaDinhChinhSach], [SoCMND], [NgayCapCMND], [NoiCapCMND], [NgayDiLam], [MaPhongBan], [MaUyQuyen], [SoBHXH], [NgayTraBHXH], [LoaiNhanVien], [MaCongViec], [MucLuong], [MaChuyenNganh], [MaTrinhDo], [MaTruong], [BacLuong], [NgheTruoc], [NgayTuyenDungTruoc], [CoQuanTruoc], [HeSo], [TuThang], [MaTrangThai]) VALUES (N'8061', N'Nguyễn Văn Lâm', NULL, 1, NULL, NULL, NULL, CAST(0xA41B0B00 AS Date), NULL, NULL, NULL, NULL, NULL, N'0987320421', NULL, CAST(0x95230B00 AS Date), CAST(0x95230B00 AS Date), CAST(0x95230B00 AS Date), CAST(0x95230B00 AS Date), NULL, CAST(0x95230B00 AS Date), CAST(0x95230B00 AS Date), NULL, NULL, NULL, NULL, NULL, NULL, NULL, NULL, NULL, NULL, NULL, NULL, NULL, NULL, NULL, NULL, NULL, NULL, NULL, NULL, CAST(0x95230B00 AS Date), NULL, CAST(0x95230B00 AS Date), N'DL1', NULL, NULL, CAST(0x95230B00 AS Date), NULL, NULL, NULL, NULL, NULL, NULL, NULL, NULL, NULL, NULL, NULL, NULL, 1)
GO
INSERT [dbo].[NhanVien] ([MaNV], [Ten], [Tenkhac], [GioiTinh], [CapUyHienTai], [CapUyKiem], [PhuCapChucVu], [NgaySinh], [NoiSinh], [DanToc], [QueQuan], [TonGiao], [NoiOHienTai], [SoDienThoai], [TPGiaDinhXuatThan], [NgayThamGiaCachMang], [NgayVaoDangCSVN], [NgayChinhThuc], [NgayVaoToChucCTXH], [ToChuc], [NgayNhapNgu], [NgayXuatNgu], [QuanHamChucVuCaoNhat], [HocHamHocViCaoNhat], [LyLuanChinhTri], [NgoaiNgu], [CongTacChinhDangLam], [NgachCongChuc], [MaNgach], [DanhHieuDuocPhong], [SoTruongCongTac], [CongViecDaLamLauNhat], [KhenThuong], [KyLuat], [TinhTrangSucKhoe], [ChiTietSucKhoe], [ChieuCao], [CanNang], [NhomMau], [HangThuongBinh], [GiaDinhChinhSach], [SoCMND], [NgayCapCMND], [NoiCapCMND], [NgayDiLam], [MaPhongBan], [MaUyQuyen], [SoBHXH], [NgayTraBHXH], [LoaiNhanVien], [MaCongViec], [MucLuong], [MaChuyenNganh], [MaTrinhDo], [MaTruong], [BacLuong], [NgheTruoc], [NgayTuyenDungTruoc], [CoQuanTruoc], [HeSo], [TuThang], [MaTrangThai]) VALUES (N'8062', N'Phạm Ngọc Quý', NULL, 1, NULL, NULL, NULL, CAST(0xDC190B00 AS Date), NULL, NULL, NULL, NULL, NULL, N'0965154965', NULL, CAST(0x95230B00 AS Date), CAST(0x95230B00 AS Date), CAST(0x95230B00 AS Date), CAST(0x95230B00 AS Date), NULL, CAST(0x95230B00 AS Date), CAST(0x95230B00 AS Date), NULL, NULL, NULL, NULL, NULL, NULL, NULL, NULL, NULL, NULL, NULL, NULL, NULL, NULL, NULL, NULL, NULL, NULL, NULL, NULL, CAST(0x95230B00 AS Date), NULL, CAST(0x95230B00 AS Date), N'DL1', NULL, NULL, CAST(0x95230B00 AS Date), NULL, NULL, NULL, NULL, NULL, NULL, NULL, NULL, NULL, NULL, NULL, NULL, 1)
GO
INSERT [dbo].[NhanVien] ([MaNV], [Ten], [Tenkhac], [GioiTinh], [CapUyHienTai], [CapUyKiem], [PhuCapChucVu], [NgaySinh], [NoiSinh], [DanToc], [QueQuan], [TonGiao], [NoiOHienTai], [SoDienThoai], [TPGiaDinhXuatThan], [NgayThamGiaCachMang], [NgayVaoDangCSVN], [NgayChinhThuc], [NgayVaoToChucCTXH], [ToChuc], [NgayNhapNgu], [NgayXuatNgu], [QuanHamChucVuCaoNhat], [HocHamHocViCaoNhat], [LyLuanChinhTri], [NgoaiNgu], [CongTacChinhDangLam], [NgachCongChuc], [MaNgach], [DanhHieuDuocPhong], [SoTruongCongTac], [CongViecDaLamLauNhat], [KhenThuong], [KyLuat], [TinhTrangSucKhoe], [ChiTietSucKhoe], [ChieuCao], [CanNang], [NhomMau], [HangThuongBinh], [GiaDinhChinhSach], [SoCMND], [NgayCapCMND], [NoiCapCMND], [NgayDiLam], [MaPhongBan], [MaUyQuyen], [SoBHXH], [NgayTraBHXH], [LoaiNhanVien], [MaCongViec], [MucLuong], [MaChuyenNganh], [MaTrinhDo], [MaTruong], [BacLuong], [NgheTruoc], [NgayTuyenDungTruoc], [CoQuanTruoc], [HeSo], [TuThang], [MaTrangThai]) VALUES (N'8063', N'Đặng Thái Hà', NULL, 1, NULL, NULL, NULL, CAST(0xC90E0B00 AS Date), NULL, NULL, NULL, NULL, NULL, N'0989439878', NULL, CAST(0x95230B00 AS Date), CAST(0x95230B00 AS Date), CAST(0x95230B00 AS Date), CAST(0x95230B00 AS Date), NULL, CAST(0x95230B00 AS Date), CAST(0x95230B00 AS Date), NULL, NULL, NULL, NULL, NULL, NULL, NULL, NULL, NULL, NULL, NULL, NULL, NULL, NULL, NULL, NULL, NULL, NULL, NULL, NULL, CAST(0x95230B00 AS Date), NULL, CAST(0x95230B00 AS Date), N'DL1', NULL, NULL, CAST(0x95230B00 AS Date), NULL, NULL, NULL, NULL, NULL, NULL, NULL, NULL, NULL, NULL, NULL, NULL, 1)
GO
INSERT [dbo].[NhanVien] ([MaNV], [Ten], [Tenkhac], [GioiTinh], [CapUyHienTai], [CapUyKiem], [PhuCapChucVu], [NgaySinh], [NoiSinh], [DanToc], [QueQuan], [TonGiao], [NoiOHienTai], [SoDienThoai], [TPGiaDinhXuatThan], [NgayThamGiaCachMang], [NgayVaoDangCSVN], [NgayChinhThuc], [NgayVaoToChucCTXH], [ToChuc], [NgayNhapNgu], [NgayXuatNgu], [QuanHamChucVuCaoNhat], [HocHamHocViCaoNhat], [LyLuanChinhTri], [NgoaiNgu], [CongTacChinhDangLam], [NgachCongChuc], [MaNgach], [DanhHieuDuocPhong], [SoTruongCongTac], [CongViecDaLamLauNhat], [KhenThuong], [KyLuat], [TinhTrangSucKhoe], [ChiTietSucKhoe], [ChieuCao], [CanNang], [NhomMau], [HangThuongBinh], [GiaDinhChinhSach], [SoCMND], [NgayCapCMND], [NoiCapCMND], [NgayDiLam], [MaPhongBan], [MaUyQuyen], [SoBHXH], [NgayTraBHXH], [LoaiNhanVien], [MaCongViec], [MucLuong], [MaChuyenNganh], [MaTrinhDo], [MaTruong], [BacLuong], [NgheTruoc], [NgayTuyenDungTruoc], [CoQuanTruoc], [HeSo], [TuThang], [MaTrangThai]) VALUES (N'8064', N'Nguyễn Văn Thọ', NULL, 1, NULL, NULL, NULL, CAST(0x2E0B0B00 AS Date), NULL, NULL, NULL, NULL, NULL, N'0987045771', NULL, CAST(0x95230B00 AS Date), CAST(0x95230B00 AS Date), CAST(0x95230B00 AS Date), CAST(0x95230B00 AS Date), NULL, CAST(0x95230B00 AS Date), CAST(0x95230B00 AS Date), NULL, NULL, NULL, NULL, NULL, NULL, NULL, NULL, NULL, NULL, NULL, NULL, NULL, NULL, NULL, NULL, NULL, NULL, NULL, NULL, CAST(0x95230B00 AS Date), NULL, CAST(0x95230B00 AS Date), N'DL1', NULL, NULL, CAST(0x95230B00 AS Date), NULL, NULL, NULL, NULL, NULL, NULL, NULL, NULL, NULL, NULL, NULL, NULL, 1)
GO
INSERT [dbo].[NhanVien] ([MaNV], [Ten], [Tenkhac], [GioiTinh], [CapUyHienTai], [CapUyKiem], [PhuCapChucVu], [NgaySinh], [NoiSinh], [DanToc], [QueQuan], [TonGiao], [NoiOHienTai], [SoDienThoai], [TPGiaDinhXuatThan], [NgayThamGiaCachMang], [NgayVaoDangCSVN], [NgayChinhThuc], [NgayVaoToChucCTXH], [ToChuc], [NgayNhapNgu], [NgayXuatNgu], [QuanHamChucVuCaoNhat], [HocHamHocViCaoNhat], [LyLuanChinhTri], [NgoaiNgu], [CongTacChinhDangLam], [NgachCongChuc], [MaNgach], [DanhHieuDuocPhong], [SoTruongCongTac], [CongViecDaLamLauNhat], [KhenThuong], [KyLuat], [TinhTrangSucKhoe], [ChiTietSucKhoe], [ChieuCao], [CanNang], [NhomMau], [HangThuongBinh], [GiaDinhChinhSach], [SoCMND], [NgayCapCMND], [NoiCapCMND], [NgayDiLam], [MaPhongBan], [MaUyQuyen], [SoBHXH], [NgayTraBHXH], [LoaiNhanVien], [MaCongViec], [MucLuong], [MaChuyenNganh], [MaTrinhDo], [MaTruong], [BacLuong], [NgheTruoc], [NgayTuyenDungTruoc], [CoQuanTruoc], [HeSo], [TuThang], [MaTrangThai]) VALUES (N'8065', N'Vừ A Dính', NULL, 1, NULL, NULL, NULL, CAST(0xFD0F0B00 AS Date), NULL, NULL, NULL, NULL, NULL, N'01697642352', NULL, CAST(0x95230B00 AS Date), CAST(0x95230B00 AS Date), CAST(0x95230B00 AS Date), CAST(0x95230B00 AS Date), NULL, CAST(0x95230B00 AS Date), CAST(0x95230B00 AS Date), NULL, NULL, NULL, NULL, NULL, NULL, NULL, NULL, NULL, NULL, NULL, NULL, NULL, NULL, NULL, NULL, NULL, NULL, NULL, NULL, CAST(0x95230B00 AS Date), NULL, CAST(0x95230B00 AS Date), N'DL1', NULL, NULL, CAST(0x95230B00 AS Date), NULL, NULL, NULL, NULL, NULL, NULL, NULL, NULL, NULL, NULL, NULL, NULL, 1)
GO
INSERT [dbo].[NhanVien] ([MaNV], [Ten], [Tenkhac], [GioiTinh], [CapUyHienTai], [CapUyKiem], [PhuCapChucVu], [NgaySinh], [NoiSinh], [DanToc], [QueQuan], [TonGiao], [NoiOHienTai], [SoDienThoai], [TPGiaDinhXuatThan], [NgayThamGiaCachMang], [NgayVaoDangCSVN], [NgayChinhThuc], [NgayVaoToChucCTXH], [ToChuc], [NgayNhapNgu], [NgayXuatNgu], [QuanHamChucVuCaoNhat], [HocHamHocViCaoNhat], [LyLuanChinhTri], [NgoaiNgu], [CongTacChinhDangLam], [NgachCongChuc], [MaNgach], [DanhHieuDuocPhong], [SoTruongCongTac], [CongViecDaLamLauNhat], [KhenThuong], [KyLuat], [TinhTrangSucKhoe], [ChiTietSucKhoe], [ChieuCao], [CanNang], [NhomMau], [HangThuongBinh], [GiaDinhChinhSach], [SoCMND], [NgayCapCMND], [NoiCapCMND], [NgayDiLam], [MaPhongBan], [MaUyQuyen], [SoBHXH], [NgayTraBHXH], [LoaiNhanVien], [MaCongViec], [MucLuong], [MaChuyenNganh], [MaTrinhDo], [MaTruong], [BacLuong], [NgheTruoc], [NgayTuyenDungTruoc], [CoQuanTruoc], [HeSo], [TuThang], [MaTrangThai]) VALUES (N'8066', N'Trần Nhật Thu', NULL, 1, NULL, NULL, NULL, CAST(0x00170B00 AS Date), NULL, NULL, NULL, NULL, NULL, N'01685334670', NULL, CAST(0x95230B00 AS Date), CAST(0x95230B00 AS Date), CAST(0x95230B00 AS Date), CAST(0x95230B00 AS Date), NULL, CAST(0x95230B00 AS Date), CAST(0x95230B00 AS Date), NULL, NULL, NULL, NULL, NULL, NULL, NULL, NULL, NULL, NULL, NULL, NULL, NULL, NULL, NULL, NULL, NULL, NULL, NULL, NULL, CAST(0x95230B00 AS Date), NULL, CAST(0x95230B00 AS Date), N'DL1', NULL, NULL, CAST(0x95230B00 AS Date), NULL, NULL, NULL, NULL, NULL, NULL, NULL, NULL, NULL, NULL, NULL, NULL, 1)
GO
INSERT [dbo].[NhanVien] ([MaNV], [Ten], [Tenkhac], [GioiTinh], [CapUyHienTai], [CapUyKiem], [PhuCapChucVu], [NgaySinh], [NoiSinh], [DanToc], [QueQuan], [TonGiao], [NoiOHienTai], [SoDienThoai], [TPGiaDinhXuatThan], [NgayThamGiaCachMang], [NgayVaoDangCSVN], [NgayChinhThuc], [NgayVaoToChucCTXH], [ToChuc], [NgayNhapNgu], [NgayXuatNgu], [QuanHamChucVuCaoNhat], [HocHamHocViCaoNhat], [LyLuanChinhTri], [NgoaiNgu], [CongTacChinhDangLam], [NgachCongChuc], [MaNgach], [DanhHieuDuocPhong], [SoTruongCongTac], [CongViecDaLamLauNhat], [KhenThuong], [KyLuat], [TinhTrangSucKhoe], [ChiTietSucKhoe], [ChieuCao], [CanNang], [NhomMau], [HangThuongBinh], [GiaDinhChinhSach], [SoCMND], [NgayCapCMND], [NoiCapCMND], [NgayDiLam], [MaPhongBan], [MaUyQuyen], [SoBHXH], [NgayTraBHXH], [LoaiNhanVien], [MaCongViec], [MucLuong], [MaChuyenNganh], [MaTrinhDo], [MaTruong], [BacLuong], [NgheTruoc], [NgayTuyenDungTruoc], [CoQuanTruoc], [HeSo], [TuThang], [MaTrangThai]) VALUES (N'8067', N'Nguyễn Duy Giang', NULL, 1, NULL, NULL, NULL, CAST(0x2A160B00 AS Date), NULL, NULL, NULL, NULL, NULL, N'01689979852', NULL, CAST(0x95230B00 AS Date), CAST(0x95230B00 AS Date), CAST(0x95230B00 AS Date), CAST(0x95230B00 AS Date), NULL, CAST(0x95230B00 AS Date), CAST(0x95230B00 AS Date), NULL, NULL, NULL, NULL, NULL, NULL, NULL, NULL, NULL, NULL, NULL, NULL, NULL, NULL, NULL, NULL, NULL, NULL, NULL, NULL, CAST(0x95230B00 AS Date), NULL, CAST(0x95230B00 AS Date), N'DL1', NULL, NULL, CAST(0x95230B00 AS Date), NULL, NULL, NULL, NULL, NULL, NULL, NULL, NULL, NULL, NULL, NULL, NULL, 1)
GO
INSERT [dbo].[NhanVien] ([MaNV], [Ten], [Tenkhac], [GioiTinh], [CapUyHienTai], [CapUyKiem], [PhuCapChucVu], [NgaySinh], [NoiSinh], [DanToc], [QueQuan], [TonGiao], [NoiOHienTai], [SoDienThoai], [TPGiaDinhXuatThan], [NgayThamGiaCachMang], [NgayVaoDangCSVN], [NgayChinhThuc], [NgayVaoToChucCTXH], [ToChuc], [NgayNhapNgu], [NgayXuatNgu], [QuanHamChucVuCaoNhat], [HocHamHocViCaoNhat], [LyLuanChinhTri], [NgoaiNgu], [CongTacChinhDangLam], [NgachCongChuc], [MaNgach], [DanhHieuDuocPhong], [SoTruongCongTac], [CongViecDaLamLauNhat], [KhenThuong], [KyLuat], [TinhTrangSucKhoe], [ChiTietSucKhoe], [ChieuCao], [CanNang], [NhomMau], [HangThuongBinh], [GiaDinhChinhSach], [SoCMND], [NgayCapCMND], [NoiCapCMND], [NgayDiLam], [MaPhongBan], [MaUyQuyen], [SoBHXH], [NgayTraBHXH], [LoaiNhanVien], [MaCongViec], [MucLuong], [MaChuyenNganh], [MaTrinhDo], [MaTruong], [BacLuong], [NgheTruoc], [NgayTuyenDungTruoc], [CoQuanTruoc], [HeSo], [TuThang], [MaTrangThai]) VALUES (N'8068', N'Đỗ Văn Tính', NULL, 1, NULL, NULL, NULL, CAST(0xE8160B00 AS Date), NULL, NULL, NULL, NULL, NULL, N'', NULL, CAST(0x95230B00 AS Date), CAST(0x95230B00 AS Date), CAST(0x95230B00 AS Date), CAST(0x95230B00 AS Date), NULL, CAST(0x95230B00 AS Date), CAST(0x95230B00 AS Date), NULL, NULL, NULL, NULL, NULL, NULL, NULL, NULL, NULL, NULL, NULL, NULL, NULL, NULL, NULL, NULL, NULL, NULL, NULL, NULL, CAST(0x95230B00 AS Date), NULL, CAST(0x95230B00 AS Date), N'DL1', NULL, NULL, CAST(0x95230B00 AS Date), NULL, NULL, NULL, NULL, NULL, NULL, NULL, NULL, NULL, NULL, NULL, NULL, 1)
GO
INSERT [dbo].[NhanVien] ([MaNV], [Ten], [Tenkhac], [GioiTinh], [CapUyHienTai], [CapUyKiem], [PhuCapChucVu], [NgaySinh], [NoiSinh], [DanToc], [QueQuan], [TonGiao], [NoiOHienTai], [SoDienThoai], [TPGiaDinhXuatThan], [NgayThamGiaCachMang], [NgayVaoDangCSVN], [NgayChinhThuc], [NgayVaoToChucCTXH], [ToChuc], [NgayNhapNgu], [NgayXuatNgu], [QuanHamChucVuCaoNhat], [HocHamHocViCaoNhat], [LyLuanChinhTri], [NgoaiNgu], [CongTacChinhDangLam], [NgachCongChuc], [MaNgach], [DanhHieuDuocPhong], [SoTruongCongTac], [CongViecDaLamLauNhat], [KhenThuong], [KyLuat], [TinhTrangSucKhoe], [ChiTietSucKhoe], [ChieuCao], [CanNang], [NhomMau], [HangThuongBinh], [GiaDinhChinhSach], [SoCMND], [NgayCapCMND], [NoiCapCMND], [NgayDiLam], [MaPhongBan], [MaUyQuyen], [SoBHXH], [NgayTraBHXH], [LoaiNhanVien], [MaCongViec], [MucLuong], [MaChuyenNganh], [MaTrinhDo], [MaTruong], [BacLuong], [NgheTruoc], [NgayTuyenDungTruoc], [CoQuanTruoc], [HeSo], [TuThang], [MaTrangThai]) VALUES (N'8069', N'Đỗ Văn Oai', NULL, 1, NULL, NULL, NULL, CAST(0xAD190B00 AS Date), NULL, NULL, NULL, NULL, NULL, N'01662533008', NULL, CAST(0x95230B00 AS Date), CAST(0x95230B00 AS Date), CAST(0x95230B00 AS Date), CAST(0x95230B00 AS Date), NULL, CAST(0x95230B00 AS Date), CAST(0x95230B00 AS Date), NULL, NULL, NULL, NULL, NULL, NULL, NULL, NULL, NULL, NULL, NULL, NULL, NULL, NULL, NULL, NULL, NULL, NULL, NULL, NULL, CAST(0x95230B00 AS Date), NULL, CAST(0x95230B00 AS Date), N'DL1', NULL, NULL, CAST(0x95230B00 AS Date), NULL, NULL, NULL, NULL, NULL, NULL, NULL, NULL, NULL, NULL, NULL, NULL, 1)
GO
INSERT [dbo].[NhanVien] ([MaNV], [Ten], [Tenkhac], [GioiTinh], [CapUyHienTai], [CapUyKiem], [PhuCapChucVu], [NgaySinh], [NoiSinh], [DanToc], [QueQuan], [TonGiao], [NoiOHienTai], [SoDienThoai], [TPGiaDinhXuatThan], [NgayThamGiaCachMang], [NgayVaoDangCSVN], [NgayChinhThuc], [NgayVaoToChucCTXH], [ToChuc], [NgayNhapNgu], [NgayXuatNgu], [QuanHamChucVuCaoNhat], [HocHamHocViCaoNhat], [LyLuanChinhTri], [NgoaiNgu], [CongTacChinhDangLam], [NgachCongChuc], [MaNgach], [DanhHieuDuocPhong], [SoTruongCongTac], [CongViecDaLamLauNhat], [KhenThuong], [KyLuat], [TinhTrangSucKhoe], [ChiTietSucKhoe], [ChieuCao], [CanNang], [NhomMau], [HangThuongBinh], [GiaDinhChinhSach], [SoCMND], [NgayCapCMND], [NoiCapCMND], [NgayDiLam], [MaPhongBan], [MaUyQuyen], [SoBHXH], [NgayTraBHXH], [LoaiNhanVien], [MaCongViec], [MucLuong], [MaChuyenNganh], [MaTrinhDo], [MaTruong], [BacLuong], [NgheTruoc], [NgayTuyenDungTruoc], [CoQuanTruoc], [HeSo], [TuThang], [MaTrangThai]) VALUES (N'8070', N'Vũ Anh Tuấn', NULL, 1, NULL, NULL, NULL, CAST(0x52150B00 AS Date), NULL, NULL, NULL, NULL, NULL, N'0984585867', NULL, CAST(0x95230B00 AS Date), CAST(0x95230B00 AS Date), CAST(0x95230B00 AS Date), CAST(0x95230B00 AS Date), NULL, CAST(0x95230B00 AS Date), CAST(0x95230B00 AS Date), NULL, NULL, NULL, NULL, NULL, NULL, NULL, NULL, NULL, NULL, NULL, NULL, NULL, NULL, NULL, NULL, NULL, NULL, NULL, NULL, CAST(0x95230B00 AS Date), NULL, CAST(0x95230B00 AS Date), N'DL1', NULL, NULL, CAST(0x95230B00 AS Date), NULL, NULL, NULL, NULL, NULL, NULL, NULL, NULL, NULL, NULL, NULL, NULL, 1)
GO
INSERT [dbo].[NhanVien] ([MaNV], [Ten], [Tenkhac], [GioiTinh], [CapUyHienTai], [CapUyKiem], [PhuCapChucVu], [NgaySinh], [NoiSinh], [DanToc], [QueQuan], [TonGiao], [NoiOHienTai], [SoDienThoai], [TPGiaDinhXuatThan], [NgayThamGiaCachMang], [NgayVaoDangCSVN], [NgayChinhThuc], [NgayVaoToChucCTXH], [ToChuc], [NgayNhapNgu], [NgayXuatNgu], [QuanHamChucVuCaoNhat], [HocHamHocViCaoNhat], [LyLuanChinhTri], [NgoaiNgu], [CongTacChinhDangLam], [NgachCongChuc], [MaNgach], [DanhHieuDuocPhong], [SoTruongCongTac], [CongViecDaLamLauNhat], [KhenThuong], [KyLuat], [TinhTrangSucKhoe], [ChiTietSucKhoe], [ChieuCao], [CanNang], [NhomMau], [HangThuongBinh], [GiaDinhChinhSach], [SoCMND], [NgayCapCMND], [NoiCapCMND], [NgayDiLam], [MaPhongBan], [MaUyQuyen], [SoBHXH], [NgayTraBHXH], [LoaiNhanVien], [MaCongViec], [MucLuong], [MaChuyenNganh], [MaTrinhDo], [MaTruong], [BacLuong], [NgheTruoc], [NgayTuyenDungTruoc], [CoQuanTruoc], [HeSo], [TuThang], [MaTrangThai]) VALUES (N'8071', N'Nguyễn Văn Thảo', NULL, 1, NULL, NULL, NULL, CAST(0x12140B00 AS Date), NULL, NULL, NULL, NULL, NULL, N'01639865603', NULL, CAST(0x95230B00 AS Date), CAST(0x95230B00 AS Date), CAST(0x95230B00 AS Date), CAST(0x95230B00 AS Date), NULL, CAST(0x95230B00 AS Date), CAST(0x95230B00 AS Date), NULL, NULL, NULL, NULL, NULL, NULL, NULL, NULL, NULL, NULL, NULL, NULL, NULL, NULL, NULL, NULL, NULL, NULL, NULL, NULL, CAST(0x95230B00 AS Date), NULL, CAST(0x95230B00 AS Date), N'DL1', NULL, NULL, CAST(0x95230B00 AS Date), NULL, NULL, NULL, NULL, NULL, NULL, NULL, NULL, NULL, NULL, NULL, NULL, 1)
GO
INSERT [dbo].[NhanVien] ([MaNV], [Ten], [Tenkhac], [GioiTinh], [CapUyHienTai], [CapUyKiem], [PhuCapChucVu], [NgaySinh], [NoiSinh], [DanToc], [QueQuan], [TonGiao], [NoiOHienTai], [SoDienThoai], [TPGiaDinhXuatThan], [NgayThamGiaCachMang], [NgayVaoDangCSVN], [NgayChinhThuc], [NgayVaoToChucCTXH], [ToChuc], [NgayNhapNgu], [NgayXuatNgu], [QuanHamChucVuCaoNhat], [HocHamHocViCaoNhat], [LyLuanChinhTri], [NgoaiNgu], [CongTacChinhDangLam], [NgachCongChuc], [MaNgach], [DanhHieuDuocPhong], [SoTruongCongTac], [CongViecDaLamLauNhat], [KhenThuong], [KyLuat], [TinhTrangSucKhoe], [ChiTietSucKhoe], [ChieuCao], [CanNang], [NhomMau], [HangThuongBinh], [GiaDinhChinhSach], [SoCMND], [NgayCapCMND], [NoiCapCMND], [NgayDiLam], [MaPhongBan], [MaUyQuyen], [SoBHXH], [NgayTraBHXH], [LoaiNhanVien], [MaCongViec], [MucLuong], [MaChuyenNganh], [MaTrinhDo], [MaTruong], [BacLuong], [NgheTruoc], [NgayTuyenDungTruoc], [CoQuanTruoc], [HeSo], [TuThang], [MaTrangThai]) VALUES (N'8072', N'Nguyễn Quý Hưng', NULL, 1, NULL, NULL, NULL, CAST(0x68190B00 AS Date), NULL, NULL, NULL, NULL, NULL, N'01655755552', NULL, CAST(0x95230B00 AS Date), CAST(0x95230B00 AS Date), CAST(0x95230B00 AS Date), CAST(0x95230B00 AS Date), NULL, CAST(0x95230B00 AS Date), CAST(0x95230B00 AS Date), NULL, NULL, NULL, NULL, NULL, NULL, NULL, NULL, NULL, NULL, NULL, NULL, NULL, NULL, NULL, NULL, NULL, NULL, NULL, NULL, CAST(0x95230B00 AS Date), NULL, CAST(0x95230B00 AS Date), N'DL1', NULL, NULL, CAST(0x95230B00 AS Date), NULL, NULL, NULL, NULL, NULL, NULL, NULL, NULL, NULL, NULL, NULL, NULL, 1)
GO
INSERT [dbo].[NhanVien] ([MaNV], [Ten], [Tenkhac], [GioiTinh], [CapUyHienTai], [CapUyKiem], [PhuCapChucVu], [NgaySinh], [NoiSinh], [DanToc], [QueQuan], [TonGiao], [NoiOHienTai], [SoDienThoai], [TPGiaDinhXuatThan], [NgayThamGiaCachMang], [NgayVaoDangCSVN], [NgayChinhThuc], [NgayVaoToChucCTXH], [ToChuc], [NgayNhapNgu], [NgayXuatNgu], [QuanHamChucVuCaoNhat], [HocHamHocViCaoNhat], [LyLuanChinhTri], [NgoaiNgu], [CongTacChinhDangLam], [NgachCongChuc], [MaNgach], [DanhHieuDuocPhong], [SoTruongCongTac], [CongViecDaLamLauNhat], [KhenThuong], [KyLuat], [TinhTrangSucKhoe], [ChiTietSucKhoe], [ChieuCao], [CanNang], [NhomMau], [HangThuongBinh], [GiaDinhChinhSach], [SoCMND], [NgayCapCMND], [NoiCapCMND], [NgayDiLam], [MaPhongBan], [MaUyQuyen], [SoBHXH], [NgayTraBHXH], [LoaiNhanVien], [MaCongViec], [MucLuong], [MaChuyenNganh], [MaTrinhDo], [MaTruong], [BacLuong], [NgheTruoc], [NgayTuyenDungTruoc], [CoQuanTruoc], [HeSo], [TuThang], [MaTrangThai]) VALUES (N'8073', N'Đỗ Thanh Tùng', NULL, 1, NULL, NULL, NULL, CAST(0xBB120B00 AS Date), NULL, NULL, NULL, NULL, NULL, N'0918568958', NULL, CAST(0x95230B00 AS Date), CAST(0x95230B00 AS Date), CAST(0x95230B00 AS Date), CAST(0x95230B00 AS Date), NULL, CAST(0x95230B00 AS Date), CAST(0x95230B00 AS Date), NULL, NULL, NULL, NULL, NULL, NULL, NULL, NULL, NULL, NULL, NULL, NULL, NULL, NULL, NULL, NULL, NULL, NULL, NULL, NULL, CAST(0x95230B00 AS Date), NULL, CAST(0x95230B00 AS Date), N'DL1', NULL, NULL, CAST(0x95230B00 AS Date), NULL, NULL, NULL, NULL, NULL, NULL, NULL, NULL, NULL, NULL, NULL, NULL, 1)
GO
INSERT [dbo].[NhanVien] ([MaNV], [Ten], [Tenkhac], [GioiTinh], [CapUyHienTai], [CapUyKiem], [PhuCapChucVu], [NgaySinh], [NoiSinh], [DanToc], [QueQuan], [TonGiao], [NoiOHienTai], [SoDienThoai], [TPGiaDinhXuatThan], [NgayThamGiaCachMang], [NgayVaoDangCSVN], [NgayChinhThuc], [NgayVaoToChucCTXH], [ToChuc], [NgayNhapNgu], [NgayXuatNgu], [QuanHamChucVuCaoNhat], [HocHamHocViCaoNhat], [LyLuanChinhTri], [NgoaiNgu], [CongTacChinhDangLam], [NgachCongChuc], [MaNgach], [DanhHieuDuocPhong], [SoTruongCongTac], [CongViecDaLamLauNhat], [KhenThuong], [KyLuat], [TinhTrangSucKhoe], [ChiTietSucKhoe], [ChieuCao], [CanNang], [NhomMau], [HangThuongBinh], [GiaDinhChinhSach], [SoCMND], [NgayCapCMND], [NoiCapCMND], [NgayDiLam], [MaPhongBan], [MaUyQuyen], [SoBHXH], [NgayTraBHXH], [LoaiNhanVien], [MaCongViec], [MucLuong], [MaChuyenNganh], [MaTrinhDo], [MaTruong], [BacLuong], [NgheTruoc], [NgayTuyenDungTruoc], [CoQuanTruoc], [HeSo], [TuThang], [MaTrangThai]) VALUES (N'8074', N'Lục A Tầu', NULL, 1, NULL, NULL, NULL, CAST(0x121F0B00 AS Date), NULL, NULL, NULL, NULL, NULL, N'01635606547', NULL, CAST(0x95230B00 AS Date), CAST(0x95230B00 AS Date), CAST(0x95230B00 AS Date), CAST(0x95230B00 AS Date), NULL, CAST(0x95230B00 AS Date), CAST(0x95230B00 AS Date), NULL, NULL, NULL, NULL, NULL, NULL, NULL, NULL, NULL, NULL, NULL, NULL, NULL, NULL, NULL, NULL, NULL, NULL, NULL, NULL, CAST(0x95230B00 AS Date), NULL, CAST(0x95230B00 AS Date), N'DL1', NULL, NULL, CAST(0x95230B00 AS Date), NULL, NULL, NULL, NULL, NULL, NULL, NULL, NULL, NULL, NULL, NULL, NULL, 1)
GO
INSERT [dbo].[NhanVien] ([MaNV], [Ten], [Tenkhac], [GioiTinh], [CapUyHienTai], [CapUyKiem], [PhuCapChucVu], [NgaySinh], [NoiSinh], [DanToc], [QueQuan], [TonGiao], [NoiOHienTai], [SoDienThoai], [TPGiaDinhXuatThan], [NgayThamGiaCachMang], [NgayVaoDangCSVN], [NgayChinhThuc], [NgayVaoToChucCTXH], [ToChuc], [NgayNhapNgu], [NgayXuatNgu], [QuanHamChucVuCaoNhat], [HocHamHocViCaoNhat], [LyLuanChinhTri], [NgoaiNgu], [CongTacChinhDangLam], [NgachCongChuc], [MaNgach], [DanhHieuDuocPhong], [SoTruongCongTac], [CongViecDaLamLauNhat], [KhenThuong], [KyLuat], [TinhTrangSucKhoe], [ChiTietSucKhoe], [ChieuCao], [CanNang], [NhomMau], [HangThuongBinh], [GiaDinhChinhSach], [SoCMND], [NgayCapCMND], [NoiCapCMND], [NgayDiLam], [MaPhongBan], [MaUyQuyen], [SoBHXH], [NgayTraBHXH], [LoaiNhanVien], [MaCongViec], [MucLuong], [MaChuyenNganh], [MaTrinhDo], [MaTruong], [BacLuong], [NgheTruoc], [NgayTuyenDungTruoc], [CoQuanTruoc], [HeSo], [TuThang], [MaTrangThai]) VALUES (N'8075', N'Lưu Văn Tâm', NULL, 1, NULL, NULL, NULL, CAST(0x18170B00 AS Date), NULL, NULL, NULL, NULL, NULL, N'096276954', NULL, CAST(0x95230B00 AS Date), CAST(0x95230B00 AS Date), CAST(0x95230B00 AS Date), CAST(0x95230B00 AS Date), NULL, CAST(0x95230B00 AS Date), CAST(0x95230B00 AS Date), NULL, NULL, NULL, NULL, NULL, NULL, NULL, NULL, NULL, NULL, NULL, NULL, NULL, NULL, NULL, NULL, NULL, NULL, NULL, NULL, CAST(0x95230B00 AS Date), NULL, CAST(0x95230B00 AS Date), N'DL1', NULL, NULL, CAST(0x95230B00 AS Date), NULL, NULL, NULL, NULL, NULL, NULL, NULL, NULL, NULL, NULL, NULL, NULL, 1)
GO
INSERT [dbo].[NhanVien] ([MaNV], [Ten], [Tenkhac], [GioiTinh], [CapUyHienTai], [CapUyKiem], [PhuCapChucVu], [NgaySinh], [NoiSinh], [DanToc], [QueQuan], [TonGiao], [NoiOHienTai], [SoDienThoai], [TPGiaDinhXuatThan], [NgayThamGiaCachMang], [NgayVaoDangCSVN], [NgayChinhThuc], [NgayVaoToChucCTXH], [ToChuc], [NgayNhapNgu], [NgayXuatNgu], [QuanHamChucVuCaoNhat], [HocHamHocViCaoNhat], [LyLuanChinhTri], [NgoaiNgu], [CongTacChinhDangLam], [NgachCongChuc], [MaNgach], [DanhHieuDuocPhong], [SoTruongCongTac], [CongViecDaLamLauNhat], [KhenThuong], [KyLuat], [TinhTrangSucKhoe], [ChiTietSucKhoe], [ChieuCao], [CanNang], [NhomMau], [HangThuongBinh], [GiaDinhChinhSach], [SoCMND], [NgayCapCMND], [NoiCapCMND], [NgayDiLam], [MaPhongBan], [MaUyQuyen], [SoBHXH], [NgayTraBHXH], [LoaiNhanVien], [MaCongViec], [MucLuong], [MaChuyenNganh], [MaTrinhDo], [MaTruong], [BacLuong], [NgheTruoc], [NgayTuyenDungTruoc], [CoQuanTruoc], [HeSo], [TuThang], [MaTrangThai]) VALUES (N'8076', N'Phạm Văn Đảng', NULL, 1, NULL, NULL, NULL, CAST(0x5C140B00 AS Date), NULL, NULL, NULL, NULL, NULL, N'0962475958', NULL, CAST(0x95230B00 AS Date), CAST(0x95230B00 AS Date), CAST(0x95230B00 AS Date), CAST(0x95230B00 AS Date), NULL, CAST(0x95230B00 AS Date), CAST(0x95230B00 AS Date), NULL, NULL, NULL, NULL, NULL, NULL, NULL, NULL, NULL, NULL, NULL, NULL, NULL, NULL, NULL, NULL, NULL, NULL, NULL, NULL, CAST(0x95230B00 AS Date), NULL, CAST(0x95230B00 AS Date), N'DL1', NULL, NULL, CAST(0x95230B00 AS Date), NULL, NULL, NULL, NULL, NULL, NULL, NULL, NULL, NULL, NULL, NULL, NULL, 1)
GO
INSERT [dbo].[NhanVien] ([MaNV], [Ten], [Tenkhac], [GioiTinh], [CapUyHienTai], [CapUyKiem], [PhuCapChucVu], [NgaySinh], [NoiSinh], [DanToc], [QueQuan], [TonGiao], [NoiOHienTai], [SoDienThoai], [TPGiaDinhXuatThan], [NgayThamGiaCachMang], [NgayVaoDangCSVN], [NgayChinhThuc], [NgayVaoToChucCTXH], [ToChuc], [NgayNhapNgu], [NgayXuatNgu], [QuanHamChucVuCaoNhat], [HocHamHocViCaoNhat], [LyLuanChinhTri], [NgoaiNgu], [CongTacChinhDangLam], [NgachCongChuc], [MaNgach], [DanhHieuDuocPhong], [SoTruongCongTac], [CongViecDaLamLauNhat], [KhenThuong], [KyLuat], [TinhTrangSucKhoe], [ChiTietSucKhoe], [ChieuCao], [CanNang], [NhomMau], [HangThuongBinh], [GiaDinhChinhSach], [SoCMND], [NgayCapCMND], [NoiCapCMND], [NgayDiLam], [MaPhongBan], [MaUyQuyen], [SoBHXH], [NgayTraBHXH], [LoaiNhanVien], [MaCongViec], [MucLuong], [MaChuyenNganh], [MaTrinhDo], [MaTruong], [BacLuong], [NgheTruoc], [NgayTuyenDungTruoc], [CoQuanTruoc], [HeSo], [TuThang], [MaTrangThai]) VALUES (N'8077', N'Lê Chí Thanh', NULL, 1, NULL, NULL, NULL, CAST(0xD21D0B00 AS Date), NULL, NULL, NULL, NULL, NULL, N'01687408174', NULL, CAST(0x95230B00 AS Date), CAST(0x95230B00 AS Date), CAST(0x95230B00 AS Date), CAST(0x95230B00 AS Date), NULL, CAST(0x95230B00 AS Date), CAST(0x95230B00 AS Date), NULL, NULL, NULL, NULL, NULL, NULL, NULL, NULL, NULL, NULL, NULL, NULL, NULL, NULL, NULL, NULL, NULL, NULL, NULL, NULL, CAST(0x95230B00 AS Date), NULL, CAST(0x95230B00 AS Date), N'DL1', NULL, NULL, CAST(0x95230B00 AS Date), NULL, NULL, NULL, NULL, NULL, NULL, NULL, NULL, NULL, NULL, NULL, NULL, 1)
GO
INSERT [dbo].[NhanVien] ([MaNV], [Ten], [Tenkhac], [GioiTinh], [CapUyHienTai], [CapUyKiem], [PhuCapChucVu], [NgaySinh], [NoiSinh], [DanToc], [QueQuan], [TonGiao], [NoiOHienTai], [SoDienThoai], [TPGiaDinhXuatThan], [NgayThamGiaCachMang], [NgayVaoDangCSVN], [NgayChinhThuc], [NgayVaoToChucCTXH], [ToChuc], [NgayNhapNgu], [NgayXuatNgu], [QuanHamChucVuCaoNhat], [HocHamHocViCaoNhat], [LyLuanChinhTri], [NgoaiNgu], [CongTacChinhDangLam], [NgachCongChuc], [MaNgach], [DanhHieuDuocPhong], [SoTruongCongTac], [CongViecDaLamLauNhat], [KhenThuong], [KyLuat], [TinhTrangSucKhoe], [ChiTietSucKhoe], [ChieuCao], [CanNang], [NhomMau], [HangThuongBinh], [GiaDinhChinhSach], [SoCMND], [NgayCapCMND], [NoiCapCMND], [NgayDiLam], [MaPhongBan], [MaUyQuyen], [SoBHXH], [NgayTraBHXH], [LoaiNhanVien], [MaCongViec], [MucLuong], [MaChuyenNganh], [MaTrinhDo], [MaTruong], [BacLuong], [NgheTruoc], [NgayTuyenDungTruoc], [CoQuanTruoc], [HeSo], [TuThang], [MaTrangThai]) VALUES (N'8078', N'Trần Văn Hiền', NULL, 1, NULL, NULL, NULL, CAST(0xE5180B00 AS Date), NULL, NULL, NULL, NULL, NULL, N'01654542970', NULL, CAST(0x95230B00 AS Date), CAST(0x95230B00 AS Date), CAST(0x95230B00 AS Date), CAST(0x95230B00 AS Date), NULL, CAST(0x95230B00 AS Date), CAST(0x95230B00 AS Date), NULL, NULL, NULL, NULL, NULL, NULL, NULL, NULL, NULL, NULL, NULL, NULL, NULL, NULL, NULL, NULL, NULL, NULL, NULL, NULL, CAST(0x95230B00 AS Date), NULL, CAST(0x95230B00 AS Date), N'DL1', NULL, NULL, CAST(0x95230B00 AS Date), NULL, NULL, NULL, NULL, NULL, NULL, NULL, NULL, NULL, NULL, NULL, NULL, 1)
GO
INSERT [dbo].[NhanVien] ([MaNV], [Ten], [Tenkhac], [GioiTinh], [CapUyHienTai], [CapUyKiem], [PhuCapChucVu], [NgaySinh], [NoiSinh], [DanToc], [QueQuan], [TonGiao], [NoiOHienTai], [SoDienThoai], [TPGiaDinhXuatThan], [NgayThamGiaCachMang], [NgayVaoDangCSVN], [NgayChinhThuc], [NgayVaoToChucCTXH], [ToChuc], [NgayNhapNgu], [NgayXuatNgu], [QuanHamChucVuCaoNhat], [HocHamHocViCaoNhat], [LyLuanChinhTri], [NgoaiNgu], [CongTacChinhDangLam], [NgachCongChuc], [MaNgach], [DanhHieuDuocPhong], [SoTruongCongTac], [CongViecDaLamLauNhat], [KhenThuong], [KyLuat], [TinhTrangSucKhoe], [ChiTietSucKhoe], [ChieuCao], [CanNang], [NhomMau], [HangThuongBinh], [GiaDinhChinhSach], [SoCMND], [NgayCapCMND], [NoiCapCMND], [NgayDiLam], [MaPhongBan], [MaUyQuyen], [SoBHXH], [NgayTraBHXH], [LoaiNhanVien], [MaCongViec], [MucLuong], [MaChuyenNganh], [MaTrinhDo], [MaTruong], [BacLuong], [NgheTruoc], [NgayTuyenDungTruoc], [CoQuanTruoc], [HeSo], [TuThang], [MaTrangThai]) VALUES (N'8079', N'Nguyễn Lương Duẫn', NULL, 1, NULL, NULL, NULL, CAST(0x8D1C0B00 AS Date), NULL, NULL, NULL, NULL, NULL, N'0986768149', NULL, CAST(0x95230B00 AS Date), CAST(0x95230B00 AS Date), CAST(0x95230B00 AS Date), CAST(0x95230B00 AS Date), NULL, CAST(0x95230B00 AS Date), CAST(0x95230B00 AS Date), NULL, NULL, NULL, NULL, NULL, NULL, NULL, NULL, NULL, NULL, NULL, NULL, NULL, NULL, NULL, NULL, NULL, NULL, NULL, NULL, CAST(0x95230B00 AS Date), NULL, CAST(0x95230B00 AS Date), N'DL1', NULL, NULL, CAST(0x95230B00 AS Date), NULL, NULL, NULL, NULL, NULL, NULL, NULL, NULL, NULL, NULL, NULL, NULL, 1)
GO
INSERT [dbo].[NhanVien] ([MaNV], [Ten], [Tenkhac], [GioiTinh], [CapUyHienTai], [CapUyKiem], [PhuCapChucVu], [NgaySinh], [NoiSinh], [DanToc], [QueQuan], [TonGiao], [NoiOHienTai], [SoDienThoai], [TPGiaDinhXuatThan], [NgayThamGiaCachMang], [NgayVaoDangCSVN], [NgayChinhThuc], [NgayVaoToChucCTXH], [ToChuc], [NgayNhapNgu], [NgayXuatNgu], [QuanHamChucVuCaoNhat], [HocHamHocViCaoNhat], [LyLuanChinhTri], [NgoaiNgu], [CongTacChinhDangLam], [NgachCongChuc], [MaNgach], [DanhHieuDuocPhong], [SoTruongCongTac], [CongViecDaLamLauNhat], [KhenThuong], [KyLuat], [TinhTrangSucKhoe], [ChiTietSucKhoe], [ChieuCao], [CanNang], [NhomMau], [HangThuongBinh], [GiaDinhChinhSach], [SoCMND], [NgayCapCMND], [NoiCapCMND], [NgayDiLam], [MaPhongBan], [MaUyQuyen], [SoBHXH], [NgayTraBHXH], [LoaiNhanVien], [MaCongViec], [MucLuong], [MaChuyenNganh], [MaTrinhDo], [MaTruong], [BacLuong], [NgheTruoc], [NgayTuyenDungTruoc], [CoQuanTruoc], [HeSo], [TuThang], [MaTrangThai]) VALUES (N'8080', N'Trịnh Hoàn', NULL, 0, NULL, NULL, NULL, CAST(0x5B400B00 AS Date), NULL, NULL, NULL, N'Kinh', NULL, NULL, NULL, CAST(0x95230B00 AS Date), CAST(0x95230B00 AS Date), CAST(0x95230B00 AS Date), CAST(0x95230B00 AS Date), NULL, CAST(0x95230B00 AS Date), CAST(0x95230B00 AS Date), NULL, NULL, NULL, NULL, NULL, NULL, NULL, NULL, NULL, NULL, NULL, NULL, N'khoe', NULL, NULL, NULL, NULL, N'0', NULL, NULL, CAST(0x95230B00 AS Date), NULL, CAST(0x95230B00 AS Date), N'DL1', NULL, NULL, CAST(0x95230B00 AS Date), NULL, NULL, NULL, NULL, NULL, NULL, NULL, NULL, NULL, NULL, NULL, NULL, 1)
GO
INSERT [dbo].[NhanVien] ([MaNV], [Ten], [Tenkhac], [GioiTinh], [CapUyHienTai], [CapUyKiem], [PhuCapChucVu], [NgaySinh], [NoiSinh], [DanToc], [QueQuan], [TonGiao], [NoiOHienTai], [SoDienThoai], [TPGiaDinhXuatThan], [NgayThamGiaCachMang], [NgayVaoDangCSVN], [NgayChinhThuc], [NgayVaoToChucCTXH], [ToChuc], [NgayNhapNgu], [NgayXuatNgu], [QuanHamChucVuCaoNhat], [HocHamHocViCaoNhat], [LyLuanChinhTri], [NgoaiNgu], [CongTacChinhDangLam], [NgachCongChuc], [MaNgach], [DanhHieuDuocPhong], [SoTruongCongTac], [CongViecDaLamLauNhat], [KhenThuong], [KyLuat], [TinhTrangSucKhoe], [ChiTietSucKhoe], [ChieuCao], [CanNang], [NhomMau], [HangThuongBinh], [GiaDinhChinhSach], [SoCMND], [NgayCapCMND], [NoiCapCMND], [NgayDiLam], [MaPhongBan], [MaUyQuyen], [SoBHXH], [NgayTraBHXH], [LoaiNhanVien], [MaCongViec], [MucLuong], [MaChuyenNganh], [MaTrinhDo], [MaTruong], [BacLuong], [NgheTruoc], [NgayTuyenDungTruoc], [CoQuanTruoc], [HeSo], [TuThang], [MaTrangThai]) VALUES (N'8081', N'Lê Nam', NULL, 0, NULL, NULL, NULL, CAST(0x5B400B00 AS Date), NULL, NULL, NULL, N'Kinh', NULL, NULL, NULL, CAST(0x95230B00 AS Date), CAST(0x95230B00 AS Date), CAST(0x95230B00 AS Date), CAST(0x95230B00 AS Date), NULL, CAST(0x95230B00 AS Date), CAST(0x95230B00 AS Date), NULL, NULL, NULL, NULL, NULL, NULL, NULL, NULL, NULL, NULL, NULL, NULL, N'khoe', NULL, NULL, NULL, NULL, N'0', NULL, NULL, CAST(0x95230B00 AS Date), NULL, CAST(0x95230B00 AS Date), N'DL1', NULL, NULL, CAST(0x95230B00 AS Date), NULL, NULL, NULL, NULL, NULL, NULL, NULL, NULL, NULL, NULL, NULL, NULL, 1)
GO
INSERT [dbo].[NhanVien] ([MaNV], [Ten], [Tenkhac], [GioiTinh], [CapUyHienTai], [CapUyKiem], [PhuCapChucVu], [NgaySinh], [NoiSinh], [DanToc], [QueQuan], [TonGiao], [NoiOHienTai], [SoDienThoai], [TPGiaDinhXuatThan], [NgayThamGiaCachMang], [NgayVaoDangCSVN], [NgayChinhThuc], [NgayVaoToChucCTXH], [ToChuc], [NgayNhapNgu], [NgayXuatNgu], [QuanHamChucVuCaoNhat], [HocHamHocViCaoNhat], [LyLuanChinhTri], [NgoaiNgu], [CongTacChinhDangLam], [NgachCongChuc], [MaNgach], [DanhHieuDuocPhong], [SoTruongCongTac], [CongViecDaLamLauNhat], [KhenThuong], [KyLuat], [TinhTrangSucKhoe], [ChiTietSucKhoe], [ChieuCao], [CanNang], [NhomMau], [HangThuongBinh], [GiaDinhChinhSach], [SoCMND], [NgayCapCMND], [NoiCapCMND], [NgayDiLam], [MaPhongBan], [MaUyQuyen], [SoBHXH], [NgayTraBHXH], [LoaiNhanVien], [MaCongViec], [MucLuong], [MaChuyenNganh], [MaTrinhDo], [MaTruong], [BacLuong], [NgheTruoc], [NgayTuyenDungTruoc], [CoQuanTruoc], [HeSo], [TuThang], [MaTrangThai]) VALUES (N'8082', N'Phan Thanh Hùng', NULL, 0, NULL, NULL, NULL, CAST(0x5B400B00 AS Date), NULL, NULL, NULL, N'Kinh', NULL, NULL, NULL, CAST(0x95230B00 AS Date), CAST(0x95230B00 AS Date), CAST(0x95230B00 AS Date), CAST(0x95230B00 AS Date), NULL, CAST(0x95230B00 AS Date), CAST(0x95230B00 AS Date), NULL, NULL, NULL, NULL, NULL, NULL, NULL, NULL, NULL, NULL, NULL, NULL, N'khoe', NULL, NULL, NULL, NULL, N'0', NULL, NULL, CAST(0x95230B00 AS Date), NULL, CAST(0x95230B00 AS Date), N'DL1', NULL, NULL, CAST(0x95230B00 AS Date), NULL, NULL, NULL, NULL, NULL, NULL, NULL, NULL, NULL, NULL, NULL, NULL, 1)
GO
INSERT [dbo].[NhanVien] ([MaNV], [Ten], [Tenkhac], [GioiTinh], [CapUyHienTai], [CapUyKiem], [PhuCapChucVu], [NgaySinh], [NoiSinh], [DanToc], [QueQuan], [TonGiao], [NoiOHienTai], [SoDienThoai], [TPGiaDinhXuatThan], [NgayThamGiaCachMang], [NgayVaoDangCSVN], [NgayChinhThuc], [NgayVaoToChucCTXH], [ToChuc], [NgayNhapNgu], [NgayXuatNgu], [QuanHamChucVuCaoNhat], [HocHamHocViCaoNhat], [LyLuanChinhTri], [NgoaiNgu], [CongTacChinhDangLam], [NgachCongChuc], [MaNgach], [DanhHieuDuocPhong], [SoTruongCongTac], [CongViecDaLamLauNhat], [KhenThuong], [KyLuat], [TinhTrangSucKhoe], [ChiTietSucKhoe], [ChieuCao], [CanNang], [NhomMau], [HangThuongBinh], [GiaDinhChinhSach], [SoCMND], [NgayCapCMND], [NoiCapCMND], [NgayDiLam], [MaPhongBan], [MaUyQuyen], [SoBHXH], [NgayTraBHXH], [LoaiNhanVien], [MaCongViec], [MucLuong], [MaChuyenNganh], [MaTrinhDo], [MaTruong], [BacLuong], [NgheTruoc], [NgayTuyenDungTruoc], [CoQuanTruoc], [HeSo], [TuThang], [MaTrangThai]) VALUES (N'8083', N'Võ Quốc Chí', NULL, 0, NULL, NULL, NULL, CAST(0x5B400B00 AS Date), NULL, NULL, NULL, N'Kinh', NULL, NULL, NULL, CAST(0x95230B00 AS Date), CAST(0x95230B00 AS Date), CAST(0x95230B00 AS Date), CAST(0x95230B00 AS Date), NULL, CAST(0x95230B00 AS Date), CAST(0x95230B00 AS Date), NULL, NULL, NULL, NULL, NULL, NULL, NULL, NULL, NULL, NULL, NULL, NULL, N'khoe', NULL, NULL, NULL, NULL, N'0', NULL, NULL, CAST(0x95230B00 AS Date), NULL, CAST(0x95230B00 AS Date), N'DL1', NULL, NULL, CAST(0x95230B00 AS Date), NULL, NULL, NULL, NULL, NULL, NULL, NULL, NULL, NULL, NULL, NULL, NULL, 1)
GO
INSERT [dbo].[NhanVien] ([MaNV], [Ten], [Tenkhac], [GioiTinh], [CapUyHienTai], [CapUyKiem], [PhuCapChucVu], [NgaySinh], [NoiSinh], [DanToc], [QueQuan], [TonGiao], [NoiOHienTai], [SoDienThoai], [TPGiaDinhXuatThan], [NgayThamGiaCachMang], [NgayVaoDangCSVN], [NgayChinhThuc], [NgayVaoToChucCTXH], [ToChuc], [NgayNhapNgu], [NgayXuatNgu], [QuanHamChucVuCaoNhat], [HocHamHocViCaoNhat], [LyLuanChinhTri], [NgoaiNgu], [CongTacChinhDangLam], [NgachCongChuc], [MaNgach], [DanhHieuDuocPhong], [SoTruongCongTac], [CongViecDaLamLauNhat], [KhenThuong], [KyLuat], [TinhTrangSucKhoe], [ChiTietSucKhoe], [ChieuCao], [CanNang], [NhomMau], [HangThuongBinh], [GiaDinhChinhSach], [SoCMND], [NgayCapCMND], [NoiCapCMND], [NgayDiLam], [MaPhongBan], [MaUyQuyen], [SoBHXH], [NgayTraBHXH], [LoaiNhanVien], [MaCongViec], [MucLuong], [MaChuyenNganh], [MaTrinhDo], [MaTruong], [BacLuong], [NgheTruoc], [NgayTuyenDungTruoc], [CoQuanTruoc], [HeSo], [TuThang], [MaTrangThai]) VALUES (N'8084', N'Lê Quang Liêm', NULL, 0, NULL, NULL, NULL, CAST(0x5B400B00 AS Date), NULL, NULL, NULL, N'Kinh', NULL, NULL, NULL, CAST(0x95230B00 AS Date), CAST(0x95230B00 AS Date), CAST(0x95230B00 AS Date), CAST(0x95230B00 AS Date), NULL, CAST(0x95230B00 AS Date), CAST(0x95230B00 AS Date), NULL, NULL, NULL, NULL, NULL, NULL, NULL, NULL, NULL, NULL, NULL, NULL, N'khoe', NULL, NULL, NULL, NULL, N'0', NULL, NULL, CAST(0x95230B00 AS Date), NULL, CAST(0x95230B00 AS Date), N'DL1', NULL, NULL, CAST(0x95230B00 AS Date), NULL, NULL, NULL, NULL, NULL, NULL, NULL, NULL, NULL, NULL, NULL, NULL, 1)
GO
INSERT [dbo].[NhanVien] ([MaNV], [Ten], [Tenkhac], [GioiTinh], [CapUyHienTai], [CapUyKiem], [PhuCapChucVu], [NgaySinh], [NoiSinh], [DanToc], [QueQuan], [TonGiao], [NoiOHienTai], [SoDienThoai], [TPGiaDinhXuatThan], [NgayThamGiaCachMang], [NgayVaoDangCSVN], [NgayChinhThuc], [NgayVaoToChucCTXH], [ToChuc], [NgayNhapNgu], [NgayXuatNgu], [QuanHamChucVuCaoNhat], [HocHamHocViCaoNhat], [LyLuanChinhTri], [NgoaiNgu], [CongTacChinhDangLam], [NgachCongChuc], [MaNgach], [DanhHieuDuocPhong], [SoTruongCongTac], [CongViecDaLamLauNhat], [KhenThuong], [KyLuat], [TinhTrangSucKhoe], [ChiTietSucKhoe], [ChieuCao], [CanNang], [NhomMau], [HangThuongBinh], [GiaDinhChinhSach], [SoCMND], [NgayCapCMND], [NoiCapCMND], [NgayDiLam], [MaPhongBan], [MaUyQuyen], [SoBHXH], [NgayTraBHXH], [LoaiNhanVien], [MaCongViec], [MucLuong], [MaChuyenNganh], [MaTrinhDo], [MaTruong], [BacLuong], [NgheTruoc], [NgayTuyenDungTruoc], [CoQuanTruoc], [HeSo], [TuThang], [MaTrangThai]) VALUES (N'8085', N'Mạc Hồng Quân', NULL, 0, NULL, NULL, NULL, CAST(0x5B400B00 AS Date), NULL, NULL, NULL, N'Kinh', NULL, NULL, NULL, CAST(0x95230B00 AS Date), CAST(0x95230B00 AS Date), CAST(0x95230B00 AS Date), CAST(0x95230B00 AS Date), NULL, CAST(0x95230B00 AS Date), CAST(0x95230B00 AS Date), NULL, NULL, NULL, NULL, NULL, NULL, NULL, NULL, NULL, NULL, NULL, NULL, N'khoe', NULL, NULL, NULL, NULL, N'0', NULL, NULL, CAST(0x95230B00 AS Date), NULL, CAST(0x95230B00 AS Date), N'DL1', NULL, NULL, CAST(0x95230B00 AS Date), NULL, NULL, NULL, NULL, NULL, NULL, NULL, NULL, NULL, NULL, NULL, NULL, 1)
GO
INSERT [dbo].[NhanVien] ([MaNV], [Ten], [Tenkhac], [GioiTinh], [CapUyHienTai], [CapUyKiem], [PhuCapChucVu], [NgaySinh], [NoiSinh], [DanToc], [QueQuan], [TonGiao], [NoiOHienTai], [SoDienThoai], [TPGiaDinhXuatThan], [NgayThamGiaCachMang], [NgayVaoDangCSVN], [NgayChinhThuc], [NgayVaoToChucCTXH], [ToChuc], [NgayNhapNgu], [NgayXuatNgu], [QuanHamChucVuCaoNhat], [HocHamHocViCaoNhat], [LyLuanChinhTri], [NgoaiNgu], [CongTacChinhDangLam], [NgachCongChuc], [MaNgach], [DanhHieuDuocPhong], [SoTruongCongTac], [CongViecDaLamLauNhat], [KhenThuong], [KyLuat], [TinhTrangSucKhoe], [ChiTietSucKhoe], [ChieuCao], [CanNang], [NhomMau], [HangThuongBinh], [GiaDinhChinhSach], [SoCMND], [NgayCapCMND], [NoiCapCMND], [NgayDiLam], [MaPhongBan], [MaUyQuyen], [SoBHXH], [NgayTraBHXH], [LoaiNhanVien], [MaCongViec], [MucLuong], [MaChuyenNganh], [MaTrinhDo], [MaTruong], [BacLuong], [NgheTruoc], [NgayTuyenDungTruoc], [CoQuanTruoc], [HeSo], [TuThang], [MaTrangThai]) VALUES (N'8086', N'Nguyễn Duy Mạnh', NULL, 0, NULL, NULL, NULL, CAST(0x5B400B00 AS Date), NULL, NULL, NULL, N'Kinh', NULL, NULL, NULL, CAST(0x95230B00 AS Date), CAST(0x95230B00 AS Date), CAST(0x95230B00 AS Date), CAST(0x95230B00 AS Date), NULL, CAST(0x95230B00 AS Date), CAST(0x95230B00 AS Date), NULL, NULL, NULL, NULL, NULL, NULL, NULL, NULL, NULL, NULL, NULL, NULL, N'khoe', NULL, NULL, NULL, NULL, N'0', NULL, NULL, CAST(0x95230B00 AS Date), NULL, CAST(0x95230B00 AS Date), N'DL1', NULL, NULL, CAST(0x95230B00 AS Date), NULL, NULL, NULL, NULL, NULL, NULL, NULL, NULL, NULL, NULL, NULL, NULL, 1)
GO
INSERT [dbo].[NhanVien] ([MaNV], [Ten], [Tenkhac], [GioiTinh], [CapUyHienTai], [CapUyKiem], [PhuCapChucVu], [NgaySinh], [NoiSinh], [DanToc], [QueQuan], [TonGiao], [NoiOHienTai], [SoDienThoai], [TPGiaDinhXuatThan], [NgayThamGiaCachMang], [NgayVaoDangCSVN], [NgayChinhThuc], [NgayVaoToChucCTXH], [ToChuc], [NgayNhapNgu], [NgayXuatNgu], [QuanHamChucVuCaoNhat], [HocHamHocViCaoNhat], [LyLuanChinhTri], [NgoaiNgu], [CongTacChinhDangLam], [NgachCongChuc], [MaNgach], [DanhHieuDuocPhong], [SoTruongCongTac], [CongViecDaLamLauNhat], [KhenThuong], [KyLuat], [TinhTrangSucKhoe], [ChiTietSucKhoe], [ChieuCao], [CanNang], [NhomMau], [HangThuongBinh], [GiaDinhChinhSach], [SoCMND], [NgayCapCMND], [NoiCapCMND], [NgayDiLam], [MaPhongBan], [MaUyQuyen], [SoBHXH], [NgayTraBHXH], [LoaiNhanVien], [MaCongViec], [MucLuong], [MaChuyenNganh], [MaTrinhDo], [MaTruong], [BacLuong], [NgheTruoc], [NgayTuyenDungTruoc], [CoQuanTruoc], [HeSo], [TuThang], [MaTrangThai]) VALUES (N'8087', N'Quế Ngọc Hải', NULL, 0, NULL, NULL, NULL, CAST(0x5B400B00 AS Date), NULL, NULL, NULL, N'Kinh', NULL, NULL, NULL, CAST(0x95230B00 AS Date), CAST(0x95230B00 AS Date), CAST(0x95230B00 AS Date), CAST(0x95230B00 AS Date), NULL, CAST(0x95230B00 AS Date), CAST(0x95230B00 AS Date), NULL, NULL, NULL, NULL, NULL, NULL, NULL, NULL, NULL, NULL, NULL, NULL, N'khoe', NULL, NULL, NULL, NULL, N'0', NULL, NULL, CAST(0x95230B00 AS Date), NULL, CAST(0x95230B00 AS Date), N'DL1', NULL, NULL, CAST(0x95230B00 AS Date), NULL, NULL, NULL, NULL, NULL, NULL, NULL, NULL, NULL, NULL, NULL, NULL, 1)
GO
INSERT [dbo].[NhanVien] ([MaNV], [Ten], [Tenkhac], [GioiTinh], [CapUyHienTai], [CapUyKiem], [PhuCapChucVu], [NgaySinh], [NoiSinh], [DanToc], [QueQuan], [TonGiao], [NoiOHienTai], [SoDienThoai], [TPGiaDinhXuatThan], [NgayThamGiaCachMang], [NgayVaoDangCSVN], [NgayChinhThuc], [NgayVaoToChucCTXH], [ToChuc], [NgayNhapNgu], [NgayXuatNgu], [QuanHamChucVuCaoNhat], [HocHamHocViCaoNhat], [LyLuanChinhTri], [NgoaiNgu], [CongTacChinhDangLam], [NgachCongChuc], [MaNgach], [DanhHieuDuocPhong], [SoTruongCongTac], [CongViecDaLamLauNhat], [KhenThuong], [KyLuat], [TinhTrangSucKhoe], [ChiTietSucKhoe], [ChieuCao], [CanNang], [NhomMau], [HangThuongBinh], [GiaDinhChinhSach], [SoCMND], [NgayCapCMND], [NoiCapCMND], [NgayDiLam], [MaPhongBan], [MaUyQuyen], [SoBHXH], [NgayTraBHXH], [LoaiNhanVien], [MaCongViec], [MucLuong], [MaChuyenNganh], [MaTrinhDo], [MaTruong], [BacLuong], [NgheTruoc], [NgayTuyenDungTruoc], [CoQuanTruoc], [HeSo], [TuThang], [MaTrangThai]) VALUES (N'8088', N'Đặng Văn Lâm', NULL, 0, NULL, NULL, NULL, CAST(0x5B400B00 AS Date), NULL, NULL, NULL, N'Kinh', NULL, NULL, NULL, CAST(0x95230B00 AS Date), CAST(0x95230B00 AS Date), CAST(0x95230B00 AS Date), CAST(0x95230B00 AS Date), NULL, CAST(0x95230B00 AS Date), CAST(0x95230B00 AS Date), NULL, NULL, NULL, NULL, NULL, NULL, NULL, NULL, NULL, NULL, NULL, NULL, N'khoe', NULL, NULL, NULL, NULL, N'0', NULL, NULL, CAST(0x95230B00 AS Date), NULL, CAST(0x95230B00 AS Date), N'DL1', NULL, NULL, CAST(0x95230B00 AS Date), NULL, NULL, NULL, NULL, NULL, NULL, NULL, NULL, NULL, NULL, NULL, NULL, 1)
GO
INSERT [dbo].[NhanVien] ([MaNV], [Ten], [Tenkhac], [GioiTinh], [CapUyHienTai], [CapUyKiem], [PhuCapChucVu], [NgaySinh], [NoiSinh], [DanToc], [QueQuan], [TonGiao], [NoiOHienTai], [SoDienThoai], [TPGiaDinhXuatThan], [NgayThamGiaCachMang], [NgayVaoDangCSVN], [NgayChinhThuc], [NgayVaoToChucCTXH], [ToChuc], [NgayNhapNgu], [NgayXuatNgu], [QuanHamChucVuCaoNhat], [HocHamHocViCaoNhat], [LyLuanChinhTri], [NgoaiNgu], [CongTacChinhDangLam], [NgachCongChuc], [MaNgach], [DanhHieuDuocPhong], [SoTruongCongTac], [CongViecDaLamLauNhat], [KhenThuong], [KyLuat], [TinhTrangSucKhoe], [ChiTietSucKhoe], [ChieuCao], [CanNang], [NhomMau], [HangThuongBinh], [GiaDinhChinhSach], [SoCMND], [NgayCapCMND], [NoiCapCMND], [NgayDiLam], [MaPhongBan], [MaUyQuyen], [SoBHXH], [NgayTraBHXH], [LoaiNhanVien], [MaCongViec], [MucLuong], [MaChuyenNganh], [MaTrinhDo], [MaTruong], [BacLuong], [NgheTruoc], [NgayTuyenDungTruoc], [CoQuanTruoc], [HeSo], [TuThang], [MaTrangThai]) VALUES (N'8089', N'Đoàn Văn Hậu', NULL, 0, NULL, NULL, NULL, CAST(0x5B400B00 AS Date), NULL, NULL, NULL, N'Kinh', NULL, NULL, NULL, CAST(0x95230B00 AS Date), CAST(0x95230B00 AS Date), CAST(0x95230B00 AS Date), CAST(0x95230B00 AS Date), NULL, CAST(0x95230B00 AS Date), CAST(0x95230B00 AS Date), NULL, NULL, NULL, NULL, NULL, NULL, NULL, NULL, NULL, NULL, NULL, NULL, N'khoe', NULL, NULL, NULL, NULL, N'0', NULL, NULL, CAST(0x95230B00 AS Date), NULL, CAST(0x95230B00 AS Date), N'DL1', NULL, NULL, CAST(0x95230B00 AS Date), NULL, NULL, NULL, NULL, NULL, NULL, NULL, NULL, NULL, NULL, NULL, NULL, 1)
GO
INSERT [dbo].[NhanVien] ([MaNV], [Ten], [Tenkhac], [GioiTinh], [CapUyHienTai], [CapUyKiem], [PhuCapChucVu], [NgaySinh], [NoiSinh], [DanToc], [QueQuan], [TonGiao], [NoiOHienTai], [SoDienThoai], [TPGiaDinhXuatThan], [NgayThamGiaCachMang], [NgayVaoDangCSVN], [NgayChinhThuc], [NgayVaoToChucCTXH], [ToChuc], [NgayNhapNgu], [NgayXuatNgu], [QuanHamChucVuCaoNhat], [HocHamHocViCaoNhat], [LyLuanChinhTri], [NgoaiNgu], [CongTacChinhDangLam], [NgachCongChuc], [MaNgach], [DanhHieuDuocPhong], [SoTruongCongTac], [CongViecDaLamLauNhat], [KhenThuong], [KyLuat], [TinhTrangSucKhoe], [ChiTietSucKhoe], [ChieuCao], [CanNang], [NhomMau], [HangThuongBinh], [GiaDinhChinhSach], [SoCMND], [NgayCapCMND], [NoiCapCMND], [NgayDiLam], [MaPhongBan], [MaUyQuyen], [SoBHXH], [NgayTraBHXH], [LoaiNhanVien], [MaCongViec], [MucLuong], [MaChuyenNganh], [MaTrinhDo], [MaTruong], [BacLuong], [NgheTruoc], [NgayTuyenDungTruoc], [CoQuanTruoc], [HeSo], [TuThang], [MaTrangThai]) VALUES (N'8090', N'Nguyễn Hoàng Sơn', NULL, 0, NULL, NULL, NULL, CAST(0x5B400B00 AS Date), NULL, NULL, NULL, N'Kinh', NULL, NULL, NULL, CAST(0x95230B00 AS Date), CAST(0x95230B00 AS Date), CAST(0x95230B00 AS Date), CAST(0x95230B00 AS Date), NULL, CAST(0x95230B00 AS Date), CAST(0x95230B00 AS Date), NULL, NULL, NULL, NULL, NULL, NULL, NULL, NULL, NULL, NULL, NULL, NULL, N'khoe', NULL, NULL, NULL, NULL, N'0', NULL, NULL, CAST(0x95230B00 AS Date), NULL, CAST(0x95230B00 AS Date), N'DL1', NULL, NULL, CAST(0x95230B00 AS Date), NULL, NULL, NULL, NULL, NULL, NULL, NULL, NULL, NULL, NULL, NULL, NULL, 1)
GO
INSERT [dbo].[NhanVien] ([MaNV], [Ten], [Tenkhac], [GioiTinh], [CapUyHienTai], [CapUyKiem], [PhuCapChucVu], [NgaySinh], [NoiSinh], [DanToc], [QueQuan], [TonGiao], [NoiOHienTai], [SoDienThoai], [TPGiaDinhXuatThan], [NgayThamGiaCachMang], [NgayVaoDangCSVN], [NgayChinhThuc], [NgayVaoToChucCTXH], [ToChuc], [NgayNhapNgu], [NgayXuatNgu], [QuanHamChucVuCaoNhat], [HocHamHocViCaoNhat], [LyLuanChinhTri], [NgoaiNgu], [CongTacChinhDangLam], [NgachCongChuc], [MaNgach], [DanhHieuDuocPhong], [SoTruongCongTac], [CongViecDaLamLauNhat], [KhenThuong], [KyLuat], [TinhTrangSucKhoe], [ChiTietSucKhoe], [ChieuCao], [CanNang], [NhomMau], [HangThuongBinh], [GiaDinhChinhSach], [SoCMND], [NgayCapCMND], [NoiCapCMND], [NgayDiLam], [MaPhongBan], [MaUyQuyen], [SoBHXH], [NgayTraBHXH], [LoaiNhanVien], [MaCongViec], [MucLuong], [MaChuyenNganh], [MaTrinhDo], [MaTruong], [BacLuong], [NgheTruoc], [NgayTuyenDungTruoc], [CoQuanTruoc], [HeSo], [TuThang], [MaTrangThai]) VALUES (N'8091', N'Trần Dần', NULL, 0, NULL, NULL, NULL, CAST(0x5B400B00 AS Date), NULL, NULL, NULL, N'Kinh', NULL, NULL, NULL, CAST(0x95230B00 AS Date), CAST(0x95230B00 AS Date), CAST(0x95230B00 AS Date), CAST(0x95230B00 AS Date), NULL, CAST(0x95230B00 AS Date), CAST(0x95230B00 AS Date), NULL, NULL, NULL, NULL, NULL, NULL, NULL, NULL, NULL, NULL, NULL, NULL, N'khoe', NULL, NULL, NULL, NULL, N'0', NULL, NULL, CAST(0x95230B00 AS Date), NULL, CAST(0x95230B00 AS Date), N'DL1', NULL, NULL, CAST(0x95230B00 AS Date), NULL, NULL, NULL, NULL, NULL, NULL, NULL, NULL, NULL, NULL, NULL, NULL, 1)
GO
INSERT [dbo].[NhanVien] ([MaNV], [Ten], [Tenkhac], [GioiTinh], [CapUyHienTai], [CapUyKiem], [PhuCapChucVu], [NgaySinh], [NoiSinh], [DanToc], [QueQuan], [TonGiao], [NoiOHienTai], [SoDienThoai], [TPGiaDinhXuatThan], [NgayThamGiaCachMang], [NgayVaoDangCSVN], [NgayChinhThuc], [NgayVaoToChucCTXH], [ToChuc], [NgayNhapNgu], [NgayXuatNgu], [QuanHamChucVuCaoNhat], [HocHamHocViCaoNhat], [LyLuanChinhTri], [NgoaiNgu], [CongTacChinhDangLam], [NgachCongChuc], [MaNgach], [DanhHieuDuocPhong], [SoTruongCongTac], [CongViecDaLamLauNhat], [KhenThuong], [KyLuat], [TinhTrangSucKhoe], [ChiTietSucKhoe], [ChieuCao], [CanNang], [NhomMau], [HangThuongBinh], [GiaDinhChinhSach], [SoCMND], [NgayCapCMND], [NoiCapCMND], [NgayDiLam], [MaPhongBan], [MaUyQuyen], [SoBHXH], [NgayTraBHXH], [LoaiNhanVien], [MaCongViec], [MucLuong], [MaChuyenNganh], [MaTrinhDo], [MaTruong], [BacLuong], [NgheTruoc], [NgayTuyenDungTruoc], [CoQuanTruoc], [HeSo], [TuThang], [MaTrangThai]) VALUES (N'8092', N'Lê Na', NULL, 0, NULL, NULL, NULL, CAST(0x5B400B00 AS Date), NULL, NULL, NULL, N'Kinh', NULL, NULL, NULL, CAST(0x95230B00 AS Date), CAST(0x95230B00 AS Date), CAST(0x95230B00 AS Date), CAST(0x95230B00 AS Date), NULL, CAST(0x95230B00 AS Date), CAST(0x95230B00 AS Date), NULL, NULL, NULL, NULL, NULL, NULL, NULL, NULL, NULL, NULL, NULL, NULL, N'khoe', NULL, NULL, NULL, NULL, N'0', NULL, NULL, CAST(0x95230B00 AS Date), NULL, CAST(0x95230B00 AS Date), N'DL1', NULL, NULL, CAST(0x95230B00 AS Date), NULL, NULL, NULL, NULL, NULL, NULL, NULL, NULL, NULL, NULL, NULL, NULL, 1)
GO
INSERT [dbo].[NhanVien] ([MaNV], [Ten], [Tenkhac], [GioiTinh], [CapUyHienTai], [CapUyKiem], [PhuCapChucVu], [NgaySinh], [NoiSinh], [DanToc], [QueQuan], [TonGiao], [NoiOHienTai], [SoDienThoai], [TPGiaDinhXuatThan], [NgayThamGiaCachMang], [NgayVaoDangCSVN], [NgayChinhThuc], [NgayVaoToChucCTXH], [ToChuc], [NgayNhapNgu], [NgayXuatNgu], [QuanHamChucVuCaoNhat], [HocHamHocViCaoNhat], [LyLuanChinhTri], [NgoaiNgu], [CongTacChinhDangLam], [NgachCongChuc], [MaNgach], [DanhHieuDuocPhong], [SoTruongCongTac], [CongViecDaLamLauNhat], [KhenThuong], [KyLuat], [TinhTrangSucKhoe], [ChiTietSucKhoe], [ChieuCao], [CanNang], [NhomMau], [HangThuongBinh], [GiaDinhChinhSach], [SoCMND], [NgayCapCMND], [NoiCapCMND], [NgayDiLam], [MaPhongBan], [MaUyQuyen], [SoBHXH], [NgayTraBHXH], [LoaiNhanVien], [MaCongViec], [MucLuong], [MaChuyenNganh], [MaTrinhDo], [MaTruong], [BacLuong], [NgheTruoc], [NgayTuyenDungTruoc], [CoQuanTruoc], [HeSo], [TuThang], [MaTrangThai]) VALUES (N'8093', N'Lê Mạnh Hùng', NULL, 0, NULL, NULL, NULL, CAST(0x5B400B00 AS Date), NULL, NULL, NULL, N'Kinh', NULL, NULL, NULL, CAST(0x95230B00 AS Date), CAST(0x95230B00 AS Date), CAST(0x95230B00 AS Date), CAST(0x95230B00 AS Date), NULL, CAST(0x95230B00 AS Date), CAST(0x95230B00 AS Date), NULL, NULL, NULL, NULL, NULL, NULL, NULL, NULL, NULL, NULL, NULL, NULL, N'khoe', NULL, NULL, NULL, NULL, N'0', NULL, NULL, CAST(0x95230B00 AS Date), NULL, CAST(0x95230B00 AS Date), N'DL1', NULL, NULL, CAST(0x95230B00 AS Date), NULL, NULL, NULL, NULL, NULL, NULL, NULL, NULL, NULL, NULL, NULL, NULL, 1)
GO
INSERT [dbo].[NhanVien] ([MaNV], [Ten], [Tenkhac], [GioiTinh], [CapUyHienTai], [CapUyKiem], [PhuCapChucVu], [NgaySinh], [NoiSinh], [DanToc], [QueQuan], [TonGiao], [NoiOHienTai], [SoDienThoai], [TPGiaDinhXuatThan], [NgayThamGiaCachMang], [NgayVaoDangCSVN], [NgayChinhThuc], [NgayVaoToChucCTXH], [ToChuc], [NgayNhapNgu], [NgayXuatNgu], [QuanHamChucVuCaoNhat], [HocHamHocViCaoNhat], [LyLuanChinhTri], [NgoaiNgu], [CongTacChinhDangLam], [NgachCongChuc], [MaNgach], [DanhHieuDuocPhong], [SoTruongCongTac], [CongViecDaLamLauNhat], [KhenThuong], [KyLuat], [TinhTrangSucKhoe], [ChiTietSucKhoe], [ChieuCao], [CanNang], [NhomMau], [HangThuongBinh], [GiaDinhChinhSach], [SoCMND], [NgayCapCMND], [NoiCapCMND], [NgayDiLam], [MaPhongBan], [MaUyQuyen], [SoBHXH], [NgayTraBHXH], [LoaiNhanVien], [MaCongViec], [MucLuong], [MaChuyenNganh], [MaTrinhDo], [MaTruong], [BacLuong], [NgheTruoc], [NgayTuyenDungTruoc], [CoQuanTruoc], [HeSo], [TuThang], [MaTrangThai]) VALUES (N'8094', N'Đoàn Văn Thắng', NULL, 0, NULL, NULL, NULL, CAST(0x5B400B00 AS Date), NULL, NULL, NULL, N'Kinh', NULL, NULL, NULL, CAST(0x95230B00 AS Date), CAST(0x95230B00 AS Date), CAST(0x95230B00 AS Date), CAST(0x95230B00 AS Date), NULL, CAST(0x95230B00 AS Date), CAST(0x95230B00 AS Date), NULL, NULL, NULL, NULL, NULL, NULL, NULL, NULL, NULL, NULL, NULL, NULL, N'khoe', NULL, NULL, NULL, NULL, N'0', NULL, NULL, CAST(0x95230B00 AS Date), NULL, CAST(0x95230B00 AS Date), N'DL1', NULL, NULL, CAST(0x95230B00 AS Date), NULL, NULL, NULL, NULL, NULL, NULL, NULL, NULL, NULL, NULL, NULL, NULL, 1)
GO
INSERT [dbo].[NhanVien] ([MaNV], [Ten], [Tenkhac], [GioiTinh], [CapUyHienTai], [CapUyKiem], [PhuCapChucVu], [NgaySinh], [NoiSinh], [DanToc], [QueQuan], [TonGiao], [NoiOHienTai], [SoDienThoai], [TPGiaDinhXuatThan], [NgayThamGiaCachMang], [NgayVaoDangCSVN], [NgayChinhThuc], [NgayVaoToChucCTXH], [ToChuc], [NgayNhapNgu], [NgayXuatNgu], [QuanHamChucVuCaoNhat], [HocHamHocViCaoNhat], [LyLuanChinhTri], [NgoaiNgu], [CongTacChinhDangLam], [NgachCongChuc], [MaNgach], [DanhHieuDuocPhong], [SoTruongCongTac], [CongViecDaLamLauNhat], [KhenThuong], [KyLuat], [TinhTrangSucKhoe], [ChiTietSucKhoe], [ChieuCao], [CanNang], [NhomMau], [HangThuongBinh], [GiaDinhChinhSach], [SoCMND], [NgayCapCMND], [NoiCapCMND], [NgayDiLam], [MaPhongBan], [MaUyQuyen], [SoBHXH], [NgayTraBHXH], [LoaiNhanVien], [MaCongViec], [MucLuong], [MaChuyenNganh], [MaTrinhDo], [MaTruong], [BacLuong], [NgheTruoc], [NgayTuyenDungTruoc], [CoQuanTruoc], [HeSo], [TuThang], [MaTrangThai]) VALUES (N'8095', N'Nguyễn Văn Thái', NULL, 0, NULL, NULL, NULL, CAST(0x5B400B00 AS Date), NULL, NULL, NULL, N'Kinh', NULL, NULL, NULL, CAST(0x95230B00 AS Date), CAST(0x95230B00 AS Date), CAST(0x95230B00 AS Date), CAST(0x95230B00 AS Date), NULL, CAST(0x95230B00 AS Date), CAST(0x95230B00 AS Date), NULL, NULL, NULL, NULL, NULL, NULL, NULL, NULL, NULL, NULL, NULL, NULL, N'khoe', NULL, NULL, NULL, NULL, N'0', NULL, NULL, CAST(0x95230B00 AS Date), NULL, CAST(0x95230B00 AS Date), N'DL1', NULL, NULL, CAST(0x95230B00 AS Date), NULL, NULL, NULL, NULL, NULL, NULL, NULL, NULL, NULL, NULL, NULL, NULL, 1)
GO
INSERT [dbo].[NhanVien] ([MaNV], [Ten], [Tenkhac], [GioiTinh], [CapUyHienTai], [CapUyKiem], [PhuCapChucVu], [NgaySinh], [NoiSinh], [DanToc], [QueQuan], [TonGiao], [NoiOHienTai], [SoDienThoai], [TPGiaDinhXuatThan], [NgayThamGiaCachMang], [NgayVaoDangCSVN], [NgayChinhThuc], [NgayVaoToChucCTXH], [ToChuc], [NgayNhapNgu], [NgayXuatNgu], [QuanHamChucVuCaoNhat], [HocHamHocViCaoNhat], [LyLuanChinhTri], [NgoaiNgu], [CongTacChinhDangLam], [NgachCongChuc], [MaNgach], [DanhHieuDuocPhong], [SoTruongCongTac], [CongViecDaLamLauNhat], [KhenThuong], [KyLuat], [TinhTrangSucKhoe], [ChiTietSucKhoe], [ChieuCao], [CanNang], [NhomMau], [HangThuongBinh], [GiaDinhChinhSach], [SoCMND], [NgayCapCMND], [NoiCapCMND], [NgayDiLam], [MaPhongBan], [MaUyQuyen], [SoBHXH], [NgayTraBHXH], [LoaiNhanVien], [MaCongViec], [MucLuong], [MaChuyenNganh], [MaTrinhDo], [MaTruong], [BacLuong], [NgheTruoc], [NgayTuyenDungTruoc], [CoQuanTruoc], [HeSo], [TuThang], [MaTrangThai]) VALUES (N'8096', N'Vũ Minh Hiếu', NULL, 0, NULL, NULL, NULL, CAST(0x5B400B00 AS Date), NULL, NULL, NULL, N'Kinh', NULL, NULL, NULL, CAST(0x95230B00 AS Date), CAST(0x95230B00 AS Date), CAST(0x95230B00 AS Date), CAST(0x95230B00 AS Date), NULL, CAST(0x95230B00 AS Date), CAST(0x95230B00 AS Date), NULL, NULL, NULL, NULL, NULL, NULL, NULL, NULL, NULL, NULL, NULL, NULL, N'khoe', NULL, NULL, NULL, NULL, N'0', NULL, NULL, CAST(0x95230B00 AS Date), NULL, CAST(0x95230B00 AS Date), N'DL1', NULL, NULL, CAST(0x95230B00 AS Date), NULL, NULL, NULL, NULL, NULL, NULL, NULL, NULL, NULL, NULL, NULL, NULL, 1)
GO
INSERT [dbo].[NhanVien] ([MaNV], [Ten], [Tenkhac], [GioiTinh], [CapUyHienTai], [CapUyKiem], [PhuCapChucVu], [NgaySinh], [NoiSinh], [DanToc], [QueQuan], [TonGiao], [NoiOHienTai], [SoDienThoai], [TPGiaDinhXuatThan], [NgayThamGiaCachMang], [NgayVaoDangCSVN], [NgayChinhThuc], [NgayVaoToChucCTXH], [ToChuc], [NgayNhapNgu], [NgayXuatNgu], [QuanHamChucVuCaoNhat], [HocHamHocViCaoNhat], [LyLuanChinhTri], [NgoaiNgu], [CongTacChinhDangLam], [NgachCongChuc], [MaNgach], [DanhHieuDuocPhong], [SoTruongCongTac], [CongViecDaLamLauNhat], [KhenThuong], [KyLuat], [TinhTrangSucKhoe], [ChiTietSucKhoe], [ChieuCao], [CanNang], [NhomMau], [HangThuongBinh], [GiaDinhChinhSach], [SoCMND], [NgayCapCMND], [NoiCapCMND], [NgayDiLam], [MaPhongBan], [MaUyQuyen], [SoBHXH], [NgayTraBHXH], [LoaiNhanVien], [MaCongViec], [MucLuong], [MaChuyenNganh], [MaTrinhDo], [MaTruong], [BacLuong], [NgheTruoc], [NgayTuyenDungTruoc], [CoQuanTruoc], [HeSo], [TuThang], [MaTrangThai]) VALUES (N'8097', N'Đỗ Duy Tùng', NULL, 0, NULL, NULL, NULL, CAST(0x5B400B00 AS Date), NULL, NULL, NULL, N'Kinh', NULL, NULL, NULL, CAST(0x95230B00 AS Date), CAST(0x95230B00 AS Date), CAST(0x95230B00 AS Date), CAST(0x95230B00 AS Date), NULL, CAST(0x95230B00 AS Date), CAST(0x95230B00 AS Date), NULL, NULL, NULL, NULL, NULL, NULL, NULL, NULL, NULL, NULL, NULL, NULL, N'khoe', NULL, NULL, NULL, NULL, N'0', NULL, NULL, CAST(0x95230B00 AS Date), NULL, CAST(0x95230B00 AS Date), N'DL1', NULL, NULL, CAST(0x95230B00 AS Date), NULL, NULL, NULL, NULL, NULL, NULL, NULL, NULL, NULL, NULL, NULL, NULL, 1)
GO
INSERT [dbo].[NhanVien] ([MaNV], [Ten], [Tenkhac], [GioiTinh], [CapUyHienTai], [CapUyKiem], [PhuCapChucVu], [NgaySinh], [NoiSinh], [DanToc], [QueQuan], [TonGiao], [NoiOHienTai], [SoDienThoai], [TPGiaDinhXuatThan], [NgayThamGiaCachMang], [NgayVaoDangCSVN], [NgayChinhThuc], [NgayVaoToChucCTXH], [ToChuc], [NgayNhapNgu], [NgayXuatNgu], [QuanHamChucVuCaoNhat], [HocHamHocViCaoNhat], [LyLuanChinhTri], [NgoaiNgu], [CongTacChinhDangLam], [NgachCongChuc], [MaNgach], [DanhHieuDuocPhong], [SoTruongCongTac], [CongViecDaLamLauNhat], [KhenThuong], [KyLuat], [TinhTrangSucKhoe], [ChiTietSucKhoe], [ChieuCao], [CanNang], [NhomMau], [HangThuongBinh], [GiaDinhChinhSach], [SoCMND], [NgayCapCMND], [NoiCapCMND], [NgayDiLam], [MaPhongBan], [MaUyQuyen], [SoBHXH], [NgayTraBHXH], [LoaiNhanVien], [MaCongViec], [MucLuong], [MaChuyenNganh], [MaTrinhDo], [MaTruong], [BacLuong], [NgheTruoc], [NgayTuyenDungTruoc], [CoQuanTruoc], [HeSo], [TuThang], [MaTrangThai]) VALUES (N'8098', N'Đoàn Nguyên Đức', NULL, 0, NULL, NULL, NULL, CAST(0x5B400B00 AS Date), NULL, NULL, NULL, N'Kinh', NULL, NULL, NULL, CAST(0x95230B00 AS Date), CAST(0x95230B00 AS Date), CAST(0x95230B00 AS Date), CAST(0x95230B00 AS Date), NULL, CAST(0x95230B00 AS Date), CAST(0x95230B00 AS Date), NULL, NULL, NULL, NULL, NULL, NULL, NULL, NULL, NULL, NULL, NULL, NULL, N'khoe', NULL, NULL, NULL, NULL, N'0', NULL, NULL, CAST(0x95230B00 AS Date), NULL, CAST(0x95230B00 AS Date), N'DL1', NULL, NULL, CAST(0x95230B00 AS Date), NULL, NULL, NULL, NULL, NULL, NULL, NULL, NULL, NULL, NULL, NULL, NULL, 1)
GO
INSERT [dbo].[NhanVien] ([MaNV], [Ten], [Tenkhac], [GioiTinh], [CapUyHienTai], [CapUyKiem], [PhuCapChucVu], [NgaySinh], [NoiSinh], [DanToc], [QueQuan], [TonGiao], [NoiOHienTai], [SoDienThoai], [TPGiaDinhXuatThan], [NgayThamGiaCachMang], [NgayVaoDangCSVN], [NgayChinhThuc], [NgayVaoToChucCTXH], [ToChuc], [NgayNhapNgu], [NgayXuatNgu], [QuanHamChucVuCaoNhat], [HocHamHocViCaoNhat], [LyLuanChinhTri], [NgoaiNgu], [CongTacChinhDangLam], [NgachCongChuc], [MaNgach], [DanhHieuDuocPhong], [SoTruongCongTac], [CongViecDaLamLauNhat], [KhenThuong], [KyLuat], [TinhTrangSucKhoe], [ChiTietSucKhoe], [ChieuCao], [CanNang], [NhomMau], [HangThuongBinh], [GiaDinhChinhSach], [SoCMND], [NgayCapCMND], [NoiCapCMND], [NgayDiLam], [MaPhongBan], [MaUyQuyen], [SoBHXH], [NgayTraBHXH], [LoaiNhanVien], [MaCongViec], [MucLuong], [MaChuyenNganh], [MaTrinhDo], [MaTruong], [BacLuong], [NgheTruoc], [NgayTuyenDungTruoc], [CoQuanTruoc], [HeSo], [TuThang], [MaTrangThai]) VALUES (N'8099', N'Trịnh Văn Quyết', NULL, 0, NULL, NULL, NULL, CAST(0x5B400B00 AS Date), NULL, NULL, NULL, N'Kinh', NULL, NULL, NULL, CAST(0x95230B00 AS Date), CAST(0x95230B00 AS Date), CAST(0x95230B00 AS Date), CAST(0x95230B00 AS Date), NULL, CAST(0x95230B00 AS Date), CAST(0x95230B00 AS Date), NULL, NULL, NULL, NULL, NULL, NULL, NULL, NULL, NULL, NULL, NULL, NULL, N'khoe', NULL, NULL, NULL, NULL, N'0', NULL, NULL, CAST(0x95230B00 AS Date), NULL, CAST(0x95230B00 AS Date), N'DL1', NULL, NULL, CAST(0x95230B00 AS Date), NULL, NULL, NULL, NULL, NULL, NULL, NULL, NULL, NULL, NULL, NULL, NULL, 1)
GO
INSERT [dbo].[NhanVien] ([MaNV], [Ten], [Tenkhac], [GioiTinh], [CapUyHienTai], [CapUyKiem], [PhuCapChucVu], [NgaySinh], [NoiSinh], [DanToc], [QueQuan], [TonGiao], [NoiOHienTai], [SoDienThoai], [TPGiaDinhXuatThan], [NgayThamGiaCachMang], [NgayVaoDangCSVN], [NgayChinhThuc], [NgayVaoToChucCTXH], [ToChuc], [NgayNhapNgu], [NgayXuatNgu], [QuanHamChucVuCaoNhat], [HocHamHocViCaoNhat], [LyLuanChinhTri], [NgoaiNgu], [CongTacChinhDangLam], [NgachCongChuc], [MaNgach], [DanhHieuDuocPhong], [SoTruongCongTac], [CongViecDaLamLauNhat], [KhenThuong], [KyLuat], [TinhTrangSucKhoe], [ChiTietSucKhoe], [ChieuCao], [CanNang], [NhomMau], [HangThuongBinh], [GiaDinhChinhSach], [SoCMND], [NgayCapCMND], [NoiCapCMND], [NgayDiLam], [MaPhongBan], [MaUyQuyen], [SoBHXH], [NgayTraBHXH], [LoaiNhanVien], [MaCongViec], [MucLuong], [MaChuyenNganh], [MaTrinhDo], [MaTruong], [BacLuong], [NgheTruoc], [NgayTuyenDungTruoc], [CoQuanTruoc], [HeSo], [TuThang], [MaTrangThai]) VALUES (N'8100', N'Lê Công Vinh', NULL, 0, NULL, NULL, NULL, CAST(0x5B400B00 AS Date), NULL, NULL, NULL, N'Kinh', NULL, NULL, NULL, CAST(0x95230B00 AS Date), CAST(0x95230B00 AS Date), CAST(0x95230B00 AS Date), CAST(0x95230B00 AS Date), NULL, CAST(0x95230B00 AS Date), CAST(0x95230B00 AS Date), NULL, NULL, NULL, NULL, NULL, NULL, NULL, NULL, NULL, NULL, NULL, NULL, N'khoe', NULL, NULL, NULL, NULL, N'0', NULL, NULL, CAST(0x95230B00 AS Date), NULL, CAST(0x95230B00 AS Date), N'DL1', NULL, NULL, CAST(0x95230B00 AS Date), NULL, NULL, NULL, NULL, NULL, NULL, NULL, NULL, NULL, NULL, NULL, NULL, 1)
GO
INSERT [dbo].[NhanVien] ([MaNV], [Ten], [Tenkhac], [GioiTinh], [CapUyHienTai], [CapUyKiem], [PhuCapChucVu], [NgaySinh], [NoiSinh], [DanToc], [QueQuan], [TonGiao], [NoiOHienTai], [SoDienThoai], [TPGiaDinhXuatThan], [NgayThamGiaCachMang], [NgayVaoDangCSVN], [NgayChinhThuc], [NgayVaoToChucCTXH], [ToChuc], [NgayNhapNgu], [NgayXuatNgu], [QuanHamChucVuCaoNhat], [HocHamHocViCaoNhat], [LyLuanChinhTri], [NgoaiNgu], [CongTacChinhDangLam], [NgachCongChuc], [MaNgach], [DanhHieuDuocPhong], [SoTruongCongTac], [CongViecDaLamLauNhat], [KhenThuong], [KyLuat], [TinhTrangSucKhoe], [ChiTietSucKhoe], [ChieuCao], [CanNang], [NhomMau], [HangThuongBinh], [GiaDinhChinhSach], [SoCMND], [NgayCapCMND], [NoiCapCMND], [NgayDiLam], [MaPhongBan], [MaUyQuyen], [SoBHXH], [NgayTraBHXH], [LoaiNhanVien], [MaCongViec], [MucLuong], [MaChuyenNganh], [MaTrinhDo], [MaTruong], [BacLuong], [NgheTruoc], [NgayTuyenDungTruoc], [CoQuanTruoc], [HeSo], [TuThang], [MaTrangThai]) VALUES (N'8101', N'Phạm Nhật Vượng', NULL, 0, NULL, NULL, NULL, CAST(0x5B400B00 AS Date), NULL, NULL, NULL, N'Kinh', NULL, NULL, NULL, CAST(0x95230B00 AS Date), CAST(0x95230B00 AS Date), CAST(0x95230B00 AS Date), CAST(0x95230B00 AS Date), NULL, CAST(0x95230B00 AS Date), CAST(0x95230B00 AS Date), NULL, NULL, NULL, NULL, NULL, NULL, NULL, NULL, NULL, NULL, NULL, NULL, N'khoe', NULL, NULL, NULL, NULL, N'0', NULL, NULL, CAST(0x95230B00 AS Date), NULL, CAST(0x95230B00 AS Date), N'DL1', NULL, NULL, CAST(0x95230B00 AS Date), NULL, NULL, NULL, NULL, NULL, NULL, NULL, NULL, NULL, NULL, NULL, NULL, 1)
GO
INSERT [dbo].[NhanVien] ([MaNV], [Ten], [Tenkhac], [GioiTinh], [CapUyHienTai], [CapUyKiem], [PhuCapChucVu], [NgaySinh], [NoiSinh], [DanToc], [QueQuan], [TonGiao], [NoiOHienTai], [SoDienThoai], [TPGiaDinhXuatThan], [NgayThamGiaCachMang], [NgayVaoDangCSVN], [NgayChinhThuc], [NgayVaoToChucCTXH], [ToChuc], [NgayNhapNgu], [NgayXuatNgu], [QuanHamChucVuCaoNhat], [HocHamHocViCaoNhat], [LyLuanChinhTri], [NgoaiNgu], [CongTacChinhDangLam], [NgachCongChuc], [MaNgach], [DanhHieuDuocPhong], [SoTruongCongTac], [CongViecDaLamLauNhat], [KhenThuong], [KyLuat], [TinhTrangSucKhoe], [ChiTietSucKhoe], [ChieuCao], [CanNang], [NhomMau], [HangThuongBinh], [GiaDinhChinhSach], [SoCMND], [NgayCapCMND], [NoiCapCMND], [NgayDiLam], [MaPhongBan], [MaUyQuyen], [SoBHXH], [NgayTraBHXH], [LoaiNhanVien], [MaCongViec], [MucLuong], [MaChuyenNganh], [MaTrinhDo], [MaTruong], [BacLuong], [NgheTruoc], [NgayTuyenDungTruoc], [CoQuanTruoc], [HeSo], [TuThang], [MaTrangThai]) VALUES (N'8102', N'Minh Nhựa', NULL, 0, NULL, NULL, NULL, CAST(0x5B400B00 AS Date), NULL, NULL, NULL, N'Kinh', NULL, NULL, NULL, CAST(0x95230B00 AS Date), CAST(0x95230B00 AS Date), CAST(0x95230B00 AS Date), CAST(0x95230B00 AS Date), NULL, CAST(0x95230B00 AS Date), CAST(0x95230B00 AS Date), NULL, NULL, NULL, NULL, NULL, NULL, NULL, NULL, NULL, NULL, NULL, NULL, N'khoe', NULL, NULL, NULL, NULL, N'0', NULL, NULL, CAST(0x95230B00 AS Date), NULL, CAST(0x95230B00 AS Date), N'DL1', NULL, NULL, CAST(0x95230B00 AS Date), NULL, NULL, NULL, NULL, NULL, NULL, NULL, NULL, NULL, NULL, NULL, NULL, 1)
GO
INSERT [dbo].[NhanVien] ([MaNV], [Ten], [Tenkhac], [GioiTinh], [CapUyHienTai], [CapUyKiem], [PhuCapChucVu], [NgaySinh], [NoiSinh], [DanToc], [QueQuan], [TonGiao], [NoiOHienTai], [SoDienThoai], [TPGiaDinhXuatThan], [NgayThamGiaCachMang], [NgayVaoDangCSVN], [NgayChinhThuc], [NgayVaoToChucCTXH], [ToChuc], [NgayNhapNgu], [NgayXuatNgu], [QuanHamChucVuCaoNhat], [HocHamHocViCaoNhat], [LyLuanChinhTri], [NgoaiNgu], [CongTacChinhDangLam], [NgachCongChuc], [MaNgach], [DanhHieuDuocPhong], [SoTruongCongTac], [CongViecDaLamLauNhat], [KhenThuong], [KyLuat], [TinhTrangSucKhoe], [ChiTietSucKhoe], [ChieuCao], [CanNang], [NhomMau], [HangThuongBinh], [GiaDinhChinhSach], [SoCMND], [NgayCapCMND], [NoiCapCMND], [NgayDiLam], [MaPhongBan], [MaUyQuyen], [SoBHXH], [NgayTraBHXH], [LoaiNhanVien], [MaCongViec], [MucLuong], [MaChuyenNganh], [MaTrinhDo], [MaTruong], [BacLuong], [NgheTruoc], [NgayTuyenDungTruoc], [CoQuanTruoc], [HeSo], [TuThang], [MaTrangThai]) VALUES (N'8103', N'Dương Minh Tuyền', NULL, 0, NULL, NULL, NULL, CAST(0x5B400B00 AS Date), NULL, NULL, NULL, N'Kinh', NULL, NULL, NULL, CAST(0x95230B00 AS Date), CAST(0x95230B00 AS Date), CAST(0x95230B00 AS Date), CAST(0x95230B00 AS Date), NULL, CAST(0x95230B00 AS Date), CAST(0x95230B00 AS Date), NULL, NULL, NULL, NULL, NULL, NULL, NULL, NULL, NULL, NULL, NULL, NULL, N'khoe', NULL, NULL, NULL, NULL, N'0', NULL, NULL, CAST(0x95230B00 AS Date), NULL, CAST(0x95230B00 AS Date), N'DL1', NULL, NULL, CAST(0x95230B00 AS Date), NULL, NULL, NULL, NULL, NULL, NULL, NULL, NULL, NULL, NULL, NULL, NULL, 1)
GO
INSERT [dbo].[NhanVien] ([MaNV], [Ten], [Tenkhac], [GioiTinh], [CapUyHienTai], [CapUyKiem], [PhuCapChucVu], [NgaySinh], [NoiSinh], [DanToc], [QueQuan], [TonGiao], [NoiOHienTai], [SoDienThoai], [TPGiaDinhXuatThan], [NgayThamGiaCachMang], [NgayVaoDangCSVN], [NgayChinhThuc], [NgayVaoToChucCTXH], [ToChuc], [NgayNhapNgu], [NgayXuatNgu], [QuanHamChucVuCaoNhat], [HocHamHocViCaoNhat], [LyLuanChinhTri], [NgoaiNgu], [CongTacChinhDangLam], [NgachCongChuc], [MaNgach], [DanhHieuDuocPhong], [SoTruongCongTac], [CongViecDaLamLauNhat], [KhenThuong], [KyLuat], [TinhTrangSucKhoe], [ChiTietSucKhoe], [ChieuCao], [CanNang], [NhomMau], [HangThuongBinh], [GiaDinhChinhSach], [SoCMND], [NgayCapCMND], [NoiCapCMND], [NgayDiLam], [MaPhongBan], [MaUyQuyen], [SoBHXH], [NgayTraBHXH], [LoaiNhanVien], [MaCongViec], [MucLuong], [MaChuyenNganh], [MaTrinhDo], [MaTruong], [BacLuong], [NgheTruoc], [NgayTuyenDungTruoc], [CoQuanTruoc], [HeSo], [TuThang], [MaTrangThai]) VALUES (N'8104', N'Ngô Bá Khá', NULL, 0, NULL, NULL, NULL, CAST(0x5B400B00 AS Date), NULL, NULL, NULL, N'Kinh', NULL, NULL, NULL, CAST(0x95230B00 AS Date), CAST(0x95230B00 AS Date), CAST(0x95230B00 AS Date), CAST(0x95230B00 AS Date), NULL, CAST(0x95230B00 AS Date), CAST(0x95230B00 AS Date), NULL, NULL, NULL, NULL, NULL, NULL, NULL, NULL, NULL, NULL, NULL, NULL, N'khoe', NULL, NULL, NULL, NULL, N'0', NULL, NULL, CAST(0x95230B00 AS Date), NULL, CAST(0x95230B00 AS Date), N'DL1', NULL, NULL, CAST(0x95230B00 AS Date), NULL, NULL, NULL, NULL, NULL, NULL, NULL, NULL, NULL, NULL, NULL, NULL, 1)
GO
INSERT [dbo].[NhanVien] ([MaNV], [Ten], [Tenkhac], [GioiTinh], [CapUyHienTai], [CapUyKiem], [PhuCapChucVu], [NgaySinh], [NoiSinh], [DanToc], [QueQuan], [TonGiao], [NoiOHienTai], [SoDienThoai], [TPGiaDinhXuatThan], [NgayThamGiaCachMang], [NgayVaoDangCSVN], [NgayChinhThuc], [NgayVaoToChucCTXH], [ToChuc], [NgayNhapNgu], [NgayXuatNgu], [QuanHamChucVuCaoNhat], [HocHamHocViCaoNhat], [LyLuanChinhTri], [NgoaiNgu], [CongTacChinhDangLam], [NgachCongChuc], [MaNgach], [DanhHieuDuocPhong], [SoTruongCongTac], [CongViecDaLamLauNhat], [KhenThuong], [KyLuat], [TinhTrangSucKhoe], [ChiTietSucKhoe], [ChieuCao], [CanNang], [NhomMau], [HangThuongBinh], [GiaDinhChinhSach], [SoCMND], [NgayCapCMND], [NoiCapCMND], [NgayDiLam], [MaPhongBan], [MaUyQuyen], [SoBHXH], [NgayTraBHXH], [LoaiNhanVien], [MaCongViec], [MucLuong], [MaChuyenNganh], [MaTrinhDo], [MaTruong], [BacLuong], [NgheTruoc], [NgayTuyenDungTruoc], [CoQuanTruoc], [HeSo], [TuThang], [MaTrangThai]) VALUES (N'8105', N'Nguyễn Hoài Linh', NULL, 0, NULL, NULL, NULL, CAST(0x5B400B00 AS Date), NULL, NULL, NULL, N'Kinh', NULL, NULL, NULL, CAST(0x95230B00 AS Date), CAST(0x95230B00 AS Date), CAST(0x95230B00 AS Date), CAST(0x95230B00 AS Date), NULL, CAST(0x95230B00 AS Date), CAST(0x95230B00 AS Date), NULL, NULL, NULL, NULL, NULL, NULL, NULL, NULL, NULL, NULL, NULL, NULL, N'khoe', NULL, NULL, NULL, NULL, N'0', NULL, NULL, CAST(0x95230B00 AS Date), NULL, CAST(0x95230B00 AS Date), N'DL1', NULL, NULL, CAST(0x95230B00 AS Date), NULL, NULL, NULL, NULL, NULL, NULL, NULL, NULL, NULL, NULL, NULL, NULL, 1)
GO
INSERT [dbo].[NhanVien] ([MaNV], [Ten], [Tenkhac], [GioiTinh], [CapUyHienTai], [CapUyKiem], [PhuCapChucVu], [NgaySinh], [NoiSinh], [DanToc], [QueQuan], [TonGiao], [NoiOHienTai], [SoDienThoai], [TPGiaDinhXuatThan], [NgayThamGiaCachMang], [NgayVaoDangCSVN], [NgayChinhThuc], [NgayVaoToChucCTXH], [ToChuc], [NgayNhapNgu], [NgayXuatNgu], [QuanHamChucVuCaoNhat], [HocHamHocViCaoNhat], [LyLuanChinhTri], [NgoaiNgu], [CongTacChinhDangLam], [NgachCongChuc], [MaNgach], [DanhHieuDuocPhong], [SoTruongCongTac], [CongViecDaLamLauNhat], [KhenThuong], [KyLuat], [TinhTrangSucKhoe], [ChiTietSucKhoe], [ChieuCao], [CanNang], [NhomMau], [HangThuongBinh], [GiaDinhChinhSach], [SoCMND], [NgayCapCMND], [NoiCapCMND], [NgayDiLam], [MaPhongBan], [MaUyQuyen], [SoBHXH], [NgayTraBHXH], [LoaiNhanVien], [MaCongViec], [MucLuong], [MaChuyenNganh], [MaTrinhDo], [MaTruong], [BacLuong], [NgheTruoc], [NgayTuyenDungTruoc], [CoQuanTruoc], [HeSo], [TuThang], [MaTrangThai]) VALUES (N'8106', N'Nguyễn Công Phượng', NULL, 0, NULL, NULL, NULL, CAST(0x5B400B00 AS Date), NULL, NULL, NULL, N'Kinh', NULL, NULL, NULL, CAST(0x95230B00 AS Date), CAST(0x95230B00 AS Date), CAST(0x95230B00 AS Date), CAST(0x95230B00 AS Date), NULL, CAST(0x95230B00 AS Date), CAST(0x95230B00 AS Date), NULL, NULL, NULL, NULL, NULL, NULL, NULL, NULL, NULL, NULL, NULL, NULL, N'khoe', NULL, NULL, NULL, NULL, N'0', NULL, NULL, CAST(0x95230B00 AS Date), NULL, CAST(0x95230B00 AS Date), N'DL1', NULL, NULL, CAST(0x95230B00 AS Date), NULL, NULL, NULL, NULL, NULL, NULL, NULL, NULL, NULL, NULL, NULL, NULL, 1)
GO
INSERT [dbo].[NhanVien] ([MaNV], [Ten], [Tenkhac], [GioiTinh], [CapUyHienTai], [CapUyKiem], [PhuCapChucVu], [NgaySinh], [NoiSinh], [DanToc], [QueQuan], [TonGiao], [NoiOHienTai], [SoDienThoai], [TPGiaDinhXuatThan], [NgayThamGiaCachMang], [NgayVaoDangCSVN], [NgayChinhThuc], [NgayVaoToChucCTXH], [ToChuc], [NgayNhapNgu], [NgayXuatNgu], [QuanHamChucVuCaoNhat], [HocHamHocViCaoNhat], [LyLuanChinhTri], [NgoaiNgu], [CongTacChinhDangLam], [NgachCongChuc], [MaNgach], [DanhHieuDuocPhong], [SoTruongCongTac], [CongViecDaLamLauNhat], [KhenThuong], [KyLuat], [TinhTrangSucKhoe], [ChiTietSucKhoe], [ChieuCao], [CanNang], [NhomMau], [HangThuongBinh], [GiaDinhChinhSach], [SoCMND], [NgayCapCMND], [NoiCapCMND], [NgayDiLam], [MaPhongBan], [MaUyQuyen], [SoBHXH], [NgayTraBHXH], [LoaiNhanVien], [MaCongViec], [MucLuong], [MaChuyenNganh], [MaTrinhDo], [MaTruong], [BacLuong], [NgheTruoc], [NgayTuyenDungTruoc], [CoQuanTruoc], [HeSo], [TuThang], [MaTrangThai]) VALUES (N'8107', N'NguyễnQuang Hải', NULL, 0, NULL, NULL, NULL, CAST(0x5B400B00 AS Date), NULL, NULL, NULL, N'Kinh', NULL, NULL, NULL, CAST(0x95230B00 AS Date), CAST(0x95230B00 AS Date), CAST(0x95230B00 AS Date), CAST(0x95230B00 AS Date), NULL, CAST(0x95230B00 AS Date), CAST(0x95230B00 AS Date), NULL, NULL, NULL, NULL, NULL, NULL, NULL, NULL, NULL, NULL, NULL, NULL, N'khoe', NULL, NULL, NULL, NULL, N'0', NULL, NULL, CAST(0x95230B00 AS Date), NULL, CAST(0x95230B00 AS Date), N'DL1', NULL, NULL, CAST(0x95230B00 AS Date), NULL, NULL, NULL, NULL, NULL, NULL, NULL, NULL, NULL, NULL, NULL, NULL, 1)
GO
INSERT [dbo].[NhanVien] ([MaNV], [Ten], [Tenkhac], [GioiTinh], [CapUyHienTai], [CapUyKiem], [PhuCapChucVu], [NgaySinh], [NoiSinh], [DanToc], [QueQuan], [TonGiao], [NoiOHienTai], [SoDienThoai], [TPGiaDinhXuatThan], [NgayThamGiaCachMang], [NgayVaoDangCSVN], [NgayChinhThuc], [NgayVaoToChucCTXH], [ToChuc], [NgayNhapNgu], [NgayXuatNgu], [QuanHamChucVuCaoNhat], [HocHamHocViCaoNhat], [LyLuanChinhTri], [NgoaiNgu], [CongTacChinhDangLam], [NgachCongChuc], [MaNgach], [DanhHieuDuocPhong], [SoTruongCongTac], [CongViecDaLamLauNhat], [KhenThuong], [KyLuat], [TinhTrangSucKhoe], [ChiTietSucKhoe], [ChieuCao], [CanNang], [NhomMau], [HangThuongBinh], [GiaDinhChinhSach], [SoCMND], [NgayCapCMND], [NoiCapCMND], [NgayDiLam], [MaPhongBan], [MaUyQuyen], [SoBHXH], [NgayTraBHXH], [LoaiNhanVien], [MaCongViec], [MucLuong], [MaChuyenNganh], [MaTrinhDo], [MaTruong], [BacLuong], [NgheTruoc], [NgayTuyenDungTruoc], [CoQuanTruoc], [HeSo], [TuThang], [MaTrangThai]) VALUES (N'8108', N'Sơn Tùng', NULL, 0, NULL, NULL, NULL, CAST(0x5B400B00 AS Date), NULL, NULL, NULL, N'Kinh', NULL, NULL, NULL, CAST(0x95230B00 AS Date), CAST(0x95230B00 AS Date), CAST(0x95230B00 AS Date), CAST(0x95230B00 AS Date), NULL, CAST(0x95230B00 AS Date), CAST(0x95230B00 AS Date), NULL, NULL, NULL, NULL, NULL, NULL, NULL, NULL, NULL, NULL, NULL, NULL, N'khoe', NULL, NULL, NULL, NULL, N'0', NULL, NULL, CAST(0x95230B00 AS Date), NULL, CAST(0x95230B00 AS Date), N'DL1', NULL, NULL, CAST(0x95230B00 AS Date), NULL, NULL, NULL, NULL, NULL, NULL, NULL, NULL, NULL, NULL, NULL, NULL, 1)
GO
INSERT [dbo].[NhanVien] ([MaNV], [Ten], [Tenkhac], [GioiTinh], [CapUyHienTai], [CapUyKiem], [PhuCapChucVu], [NgaySinh], [NoiSinh], [DanToc], [QueQuan], [TonGiao], [NoiOHienTai], [SoDienThoai], [TPGiaDinhXuatThan], [NgayThamGiaCachMang], [NgayVaoDangCSVN], [NgayChinhThuc], [NgayVaoToChucCTXH], [ToChuc], [NgayNhapNgu], [NgayXuatNgu], [QuanHamChucVuCaoNhat], [HocHamHocViCaoNhat], [LyLuanChinhTri], [NgoaiNgu], [CongTacChinhDangLam], [NgachCongChuc], [MaNgach], [DanhHieuDuocPhong], [SoTruongCongTac], [CongViecDaLamLauNhat], [KhenThuong], [KyLuat], [TinhTrangSucKhoe], [ChiTietSucKhoe], [ChieuCao], [CanNang], [NhomMau], [HangThuongBinh], [GiaDinhChinhSach], [SoCMND], [NgayCapCMND], [NoiCapCMND], [NgayDiLam], [MaPhongBan], [MaUyQuyen], [SoBHXH], [NgayTraBHXH], [LoaiNhanVien], [MaCongViec], [MucLuong], [MaChuyenNganh], [MaTrinhDo], [MaTruong], [BacLuong], [NgheTruoc], [NgayTuyenDungTruoc], [CoQuanTruoc], [HeSo], [TuThang], [MaTrangThai]) VALUES (N'8109', N'Mỹ Tâm', NULL, 0, NULL, NULL, NULL, CAST(0x5B400B00 AS Date), NULL, NULL, NULL, N'Kinh', NULL, NULL, NULL, CAST(0x95230B00 AS Date), CAST(0x95230B00 AS Date), CAST(0x95230B00 AS Date), CAST(0x95230B00 AS Date), NULL, CAST(0x95230B00 AS Date), CAST(0x95230B00 AS Date), NULL, NULL, NULL, NULL, NULL, NULL, NULL, NULL, NULL, NULL, NULL, NULL, N'khoe', NULL, NULL, NULL, NULL, N'0', NULL, NULL, CAST(0x95230B00 AS Date), NULL, CAST(0x95230B00 AS Date), N'DL1', NULL, NULL, CAST(0x95230B00 AS Date), NULL, NULL, NULL, NULL, NULL, NULL, NULL, NULL, NULL, NULL, NULL, NULL, 1)
GO
SET IDENTITY_INSERT [dbo].[ChungChi] ON 

GO
INSERT [dbo].[ChungChi] ([MaChungChi], [TenChungChi], [ThoiHan], [KieuChungChi]) VALUES (1, NULL, NULL, N'Tieng anh')
GO
INSERT [dbo].[ChungChi] ([MaChungChi], [TenChungChi], [ThoiHan], [KieuChungChi]) VALUES (2, NULL, NULL, N'abcd')
GO
SET IDENTITY_INSERT [dbo].[ChungChi] OFF
GO
INSERT [dbo].[ChungChi_NhanVien] ([SoHieu], [NgayCap], [MaNV], [MaChungChi], [NgayTra]) VALUES (N'1', NULL, N'8056', 1, CAST(0x17400B00 AS Date))
GO
INSERT [dbo].[ChungChi_NhanVien] ([SoHieu], [NgayCap], [MaNV], [MaChungChi], [NgayTra]) VALUES (N'2', NULL, N'8057', 2, NULL)
GO
SET IDENTITY_INSERT [dbo].[DiemDanh_NangSuatLaoDong] ON 

GO
INSERT [dbo].[DiemDanh_NangSuatLaoDong] ([MaDiemDanh], [MaNV], [NgayDiemDanh], [CaDiemDanh], [ThoiGianThucTeDiemDanh], [MaDonVi], [NangSuatLaoDong], [HeSoChiaLuong], [DuBaoNguyCo], [GiaiPhapNguyCo], [LyDoVangMat], [Luong], [XacNhan], [DiLam], [GhiChu]) VALUES (4, N'8057', CAST(0x1F400B00 AS Date), 1, CAST(0x0000AAC4009C8E20 AS DateTime), N'DL1', NULL, NULL, NULL, NULL, NULL, NULL, NULL, 1, NULL)
GO
INSERT [dbo].[DiemDanh_NangSuatLaoDong] ([MaDiemDanh], [MaNV], [NgayDiemDanh], [CaDiemDanh], [ThoiGianThucTeDiemDanh], [MaDonVi], [NangSuatLaoDong], [HeSoChiaLuong], [DuBaoNguyCo], [GiaiPhapNguyCo], [LyDoVangMat], [Luong], [XacNhan], [DiLam], [GhiChu]) VALUES (7, N'8058', CAST(0x1F400B00 AS Date), 1, CAST(0x0000AAC4009C8E20 AS DateTime), N'DL1', NULL, NULL, NULL, NULL, NULL, NULL, NULL, 1, NULL)
GO
INSERT [dbo].[DiemDanh_NangSuatLaoDong] ([MaDiemDanh], [MaNV], [NgayDiemDanh], [CaDiemDanh], [ThoiGianThucTeDiemDanh], [MaDonVi], [NangSuatLaoDong], [HeSoChiaLuong], [DuBaoNguyCo], [GiaiPhapNguyCo], [LyDoVangMat], [Luong], [XacNhan], [DiLam], [GhiChu]) VALUES (11, N'8059', CAST(0x1F400B00 AS Date), 1, CAST(0x0000AAC4009C8E20 AS DateTime), N'DL1', NULL, NULL, NULL, NULL, NULL, NULL, NULL, 1, NULL)
GO
INSERT [dbo].[DiemDanh_NangSuatLaoDong] ([MaDiemDanh], [MaNV], [NgayDiemDanh], [CaDiemDanh], [ThoiGianThucTeDiemDanh], [MaDonVi], [NangSuatLaoDong], [HeSoChiaLuong], [DuBaoNguyCo], [GiaiPhapNguyCo], [LyDoVangMat], [Luong], [XacNhan], [DiLam], [GhiChu]) VALUES (13, N'8060', CAST(0x1F400B00 AS Date), 1, CAST(0x0000AAC4009C8E20 AS DateTime), N'DL1', NULL, NULL, NULL, NULL, NULL, NULL, NULL, 1, NULL)
GO
INSERT [dbo].[DiemDanh_NangSuatLaoDong] ([MaDiemDanh], [MaNV], [NgayDiemDanh], [CaDiemDanh], [ThoiGianThucTeDiemDanh], [MaDonVi], [NangSuatLaoDong], [HeSoChiaLuong], [DuBaoNguyCo], [GiaiPhapNguyCo], [LyDoVangMat], [Luong], [XacNhan], [DiLam], [GhiChu]) VALUES (14, N'8061', CAST(0x1F400B00 AS Date), 1, CAST(0x0000AAC4009C8E20 AS DateTime), N'DL1', NULL, NULL, NULL, NULL, NULL, NULL, NULL, 1, NULL)
GO
INSERT [dbo].[DiemDanh_NangSuatLaoDong] ([MaDiemDanh], [MaNV], [NgayDiemDanh], [CaDiemDanh], [ThoiGianThucTeDiemDanh], [MaDonVi], [NangSuatLaoDong], [HeSoChiaLuong], [DuBaoNguyCo], [GiaiPhapNguyCo], [LyDoVangMat], [Luong], [XacNhan], [DiLam], [GhiChu]) VALUES (15, N'8062', CAST(0x1F400B00 AS Date), 1, CAST(0x0000AAC4009C8E20 AS DateTime), N'DL1', NULL, NULL, NULL, NULL, NULL, NULL, NULL, 1, NULL)
GO
INSERT [dbo].[DiemDanh_NangSuatLaoDong] ([MaDiemDanh], [MaNV], [NgayDiemDanh], [CaDiemDanh], [ThoiGianThucTeDiemDanh], [MaDonVi], [NangSuatLaoDong], [HeSoChiaLuong], [DuBaoNguyCo], [GiaiPhapNguyCo], [LyDoVangMat], [Luong], [XacNhan], [DiLam], [GhiChu]) VALUES (16, N'8063', CAST(0x1F400B00 AS Date), 1, CAST(0x0000AAC4009C8E20 AS DateTime), N'DL1', NULL, NULL, NULL, NULL, NULL, NULL, NULL, 1, NULL)
GO
INSERT [dbo].[DiemDanh_NangSuatLaoDong] ([MaDiemDanh], [MaNV], [NgayDiemDanh], [CaDiemDanh], [ThoiGianThucTeDiemDanh], [MaDonVi], [NangSuatLaoDong], [HeSoChiaLuong], [DuBaoNguyCo], [GiaiPhapNguyCo], [LyDoVangMat], [Luong], [XacNhan], [DiLam], [GhiChu]) VALUES (17, N'8064', CAST(0x1F400B00 AS Date), 1, CAST(0x0000AAC4009C8E20 AS DateTime), N'DL1', NULL, NULL, NULL, NULL, NULL, NULL, NULL, 1, NULL)
GO
INSERT [dbo].[DiemDanh_NangSuatLaoDong] ([MaDiemDanh], [MaNV], [NgayDiemDanh], [CaDiemDanh], [ThoiGianThucTeDiemDanh], [MaDonVi], [NangSuatLaoDong], [HeSoChiaLuong], [DuBaoNguyCo], [GiaiPhapNguyCo], [LyDoVangMat], [Luong], [XacNhan], [DiLam], [GhiChu]) VALUES (18, N'8065', CAST(0x1F400B00 AS Date), 1, CAST(0x0000AAC4009C8E20 AS DateTime), N'DL1', NULL, NULL, NULL, NULL, NULL, NULL, NULL, 1, NULL)
GO
INSERT [dbo].[DiemDanh_NangSuatLaoDong] ([MaDiemDanh], [MaNV], [NgayDiemDanh], [CaDiemDanh], [ThoiGianThucTeDiemDanh], [MaDonVi], [NangSuatLaoDong], [HeSoChiaLuong], [DuBaoNguyCo], [GiaiPhapNguyCo], [LyDoVangMat], [Luong], [XacNhan], [DiLam], [GhiChu]) VALUES (19, N'8066', CAST(0x1F400B00 AS Date), 1, CAST(0x0000AAC4009C8E20 AS DateTime), N'DL1', NULL, NULL, NULL, NULL, NULL, NULL, NULL, 1, NULL)
GO
INSERT [dbo].[DiemDanh_NangSuatLaoDong] ([MaDiemDanh], [MaNV], [NgayDiemDanh], [CaDiemDanh], [ThoiGianThucTeDiemDanh], [MaDonVi], [NangSuatLaoDong], [HeSoChiaLuong], [DuBaoNguyCo], [GiaiPhapNguyCo], [LyDoVangMat], [Luong], [XacNhan], [DiLam], [GhiChu]) VALUES (20, N'8067', CAST(0x1F400B00 AS Date), 1, CAST(0x0000AAC4009C8E20 AS DateTime), N'DL1', NULL, NULL, NULL, NULL, NULL, NULL, NULL, 1, NULL)
GO
INSERT [dbo].[DiemDanh_NangSuatLaoDong] ([MaDiemDanh], [MaNV], [NgayDiemDanh], [CaDiemDanh], [ThoiGianThucTeDiemDanh], [MaDonVi], [NangSuatLaoDong], [HeSoChiaLuong], [DuBaoNguyCo], [GiaiPhapNguyCo], [LyDoVangMat], [Luong], [XacNhan], [DiLam], [GhiChu]) VALUES (21, N'8068', CAST(0x1F400B00 AS Date), 1, CAST(0x0000AAC4009C8E20 AS DateTime), N'DL1', NULL, NULL, NULL, NULL, NULL, NULL, NULL, 1, NULL)
GO
INSERT [dbo].[DiemDanh_NangSuatLaoDong] ([MaDiemDanh], [MaNV], [NgayDiemDanh], [CaDiemDanh], [ThoiGianThucTeDiemDanh], [MaDonVi], [NangSuatLaoDong], [HeSoChiaLuong], [DuBaoNguyCo], [GiaiPhapNguyCo], [LyDoVangMat], [Luong], [XacNhan], [DiLam], [GhiChu]) VALUES (22, N'8069', CAST(0x1F400B00 AS Date), 1, CAST(0x0000AAC4009C8E20 AS DateTime), N'DL1', NULL, NULL, NULL, NULL, NULL, NULL, NULL, 1, NULL)
GO
INSERT [dbo].[DiemDanh_NangSuatLaoDong] ([MaDiemDanh], [MaNV], [NgayDiemDanh], [CaDiemDanh], [ThoiGianThucTeDiemDanh], [MaDonVi], [NangSuatLaoDong], [HeSoChiaLuong], [DuBaoNguyCo], [GiaiPhapNguyCo], [LyDoVangMat], [Luong], [XacNhan], [DiLam], [GhiChu]) VALUES (23, N'8070', CAST(0x1F400B00 AS Date), 1, CAST(0x0000AAC4009C8E20 AS DateTime), N'DL1', NULL, NULL, NULL, NULL, NULL, NULL, NULL, 1, NULL)
GO
INSERT [dbo].[DiemDanh_NangSuatLaoDong] ([MaDiemDanh], [MaNV], [NgayDiemDanh], [CaDiemDanh], [ThoiGianThucTeDiemDanh], [MaDonVi], [NangSuatLaoDong], [HeSoChiaLuong], [DuBaoNguyCo], [GiaiPhapNguyCo], [LyDoVangMat], [Luong], [XacNhan], [DiLam], [GhiChu]) VALUES (24, N'8071', CAST(0x1F400B00 AS Date), 1, CAST(0x0000AAC4009C8E20 AS DateTime), N'DL1', NULL, NULL, NULL, NULL, NULL, NULL, NULL, 1, NULL)
GO
INSERT [dbo].[DiemDanh_NangSuatLaoDong] ([MaDiemDanh], [MaNV], [NgayDiemDanh], [CaDiemDanh], [ThoiGianThucTeDiemDanh], [MaDonVi], [NangSuatLaoDong], [HeSoChiaLuong], [DuBaoNguyCo], [GiaiPhapNguyCo], [LyDoVangMat], [Luong], [XacNhan], [DiLam], [GhiChu]) VALUES (25, N'8072', CAST(0x1F400B00 AS Date), 1, CAST(0x0000AAC4009C8E20 AS DateTime), N'DL1', NULL, NULL, NULL, NULL, NULL, NULL, NULL, 1, NULL)
GO
INSERT [dbo].[DiemDanh_NangSuatLaoDong] ([MaDiemDanh], [MaNV], [NgayDiemDanh], [CaDiemDanh], [ThoiGianThucTeDiemDanh], [MaDonVi], [NangSuatLaoDong], [HeSoChiaLuong], [DuBaoNguyCo], [GiaiPhapNguyCo], [LyDoVangMat], [Luong], [XacNhan], [DiLam], [GhiChu]) VALUES (26, N'8073', CAST(0x1F400B00 AS Date), 1, CAST(0x0000AAC4009C8E20 AS DateTime), N'DL1', NULL, NULL, NULL, NULL, NULL, NULL, NULL, 1, NULL)
GO
INSERT [dbo].[DiemDanh_NangSuatLaoDong] ([MaDiemDanh], [MaNV], [NgayDiemDanh], [CaDiemDanh], [ThoiGianThucTeDiemDanh], [MaDonVi], [NangSuatLaoDong], [HeSoChiaLuong], [DuBaoNguyCo], [GiaiPhapNguyCo], [LyDoVangMat], [Luong], [XacNhan], [DiLam], [GhiChu]) VALUES (27, N'8074', CAST(0x1F400B00 AS Date), 1, CAST(0x0000AAC4009C8E20 AS DateTime), N'DL1', NULL, NULL, NULL, NULL, NULL, NULL, NULL, 1, NULL)
GO
INSERT [dbo].[DiemDanh_NangSuatLaoDong] ([MaDiemDanh], [MaNV], [NgayDiemDanh], [CaDiemDanh], [ThoiGianThucTeDiemDanh], [MaDonVi], [NangSuatLaoDong], [HeSoChiaLuong], [DuBaoNguyCo], [GiaiPhapNguyCo], [LyDoVangMat], [Luong], [XacNhan], [DiLam], [GhiChu]) VALUES (28, N'8075', CAST(0x1F400B00 AS Date), 1, CAST(0x0000AAC4009C8E20 AS DateTime), N'DL1', NULL, NULL, NULL, NULL, NULL, NULL, NULL, 1, NULL)
GO
INSERT [dbo].[DiemDanh_NangSuatLaoDong] ([MaDiemDanh], [MaNV], [NgayDiemDanh], [CaDiemDanh], [ThoiGianThucTeDiemDanh], [MaDonVi], [NangSuatLaoDong], [HeSoChiaLuong], [DuBaoNguyCo], [GiaiPhapNguyCo], [LyDoVangMat], [Luong], [XacNhan], [DiLam], [GhiChu]) VALUES (30, N'1234', NULL, NULL, NULL, N'DL1', NULL, NULL, NULL, NULL, NULL, NULL, NULL, 1, NULL)
GO
INSERT [dbo].[DiemDanh_NangSuatLaoDong] ([MaDiemDanh], [MaNV], [NgayDiemDanh], [CaDiemDanh], [ThoiGianThucTeDiemDanh], [MaDonVi], [NangSuatLaoDong], [HeSoChiaLuong], [DuBaoNguyCo], [GiaiPhapNguyCo], [LyDoVangMat], [Luong], [XacNhan], [DiLam], [GhiChu]) VALUES (33, N'8076', NULL, NULL, NULL, N'DL1', NULL, NULL, NULL, NULL, NULL, NULL, NULL, 0, NULL)
GO
INSERT [dbo].[DiemDanh_NangSuatLaoDong] ([MaDiemDanh], [MaNV], [NgayDiemDanh], [CaDiemDanh], [ThoiGianThucTeDiemDanh], [MaDonVi], [NangSuatLaoDong], [HeSoChiaLuong], [DuBaoNguyCo], [GiaiPhapNguyCo], [LyDoVangMat], [Luong], [XacNhan], [DiLam], [GhiChu]) VALUES (34, N'8077', NULL, NULL, NULL, N'DL1', NULL, NULL, NULL, NULL, NULL, NULL, NULL, 0, NULL)
GO
INSERT [dbo].[DiemDanh_NangSuatLaoDong] ([MaDiemDanh], [MaNV], [NgayDiemDanh], [CaDiemDanh], [ThoiGianThucTeDiemDanh], [MaDonVi], [NangSuatLaoDong], [HeSoChiaLuong], [DuBaoNguyCo], [GiaiPhapNguyCo], [LyDoVangMat], [Luong], [XacNhan], [DiLam], [GhiChu]) VALUES (35, N'8078', NULL, NULL, NULL, N'DL1', NULL, NULL, NULL, NULL, NULL, NULL, NULL, 0, NULL)
GO
INSERT [dbo].[DiemDanh_NangSuatLaoDong] ([MaDiemDanh], [MaNV], [NgayDiemDanh], [CaDiemDanh], [ThoiGianThucTeDiemDanh], [MaDonVi], [NangSuatLaoDong], [HeSoChiaLuong], [DuBaoNguyCo], [GiaiPhapNguyCo], [LyDoVangMat], [Luong], [XacNhan], [DiLam], [GhiChu]) VALUES (36, N'8079', NULL, NULL, NULL, N'DL1', NULL, NULL, NULL, NULL, NULL, NULL, NULL, 0, NULL)
GO
SET IDENTITY_INSERT [dbo].[DiemDanh_NangSuatLaoDong] OFF
GO
SET IDENTITY_INSERT [dbo].[Documentary] ON 

GO
INSERT [dbo].[Documentary] ([documentary_id], [documentary_code], [documentary_type], [department_id], [date_created], [person_created], [reason], [out/in_come], [documentary_status]) VALUES (1, N'1', N'2', N'KT1', CAST(0x74320B00 AS Date), N'Nguyễn Văn A', N'Bảo dưỡng thiết bị', N'Vốn bảo dưỡng', 1)
GO
INSERT [dbo].[Documentary] ([documentary_id], [documentary_code], [documentary_type], [department_id], [date_created], [person_created], [reason], [out/in_come], [documentary_status]) VALUES (2, N'2', N'2', N'KT2', CAST(0x75320B00 AS Date), N'Nguyễn Văn A', N'Bảo dưỡng thiết bị', N'Vốn bảo dưỡng', 1)
GO
INSERT [dbo].[Documentary] ([documentary_id], [documentary_code], [documentary_type], [department_id], [date_created], [person_created], [reason], [out/in_come], [documentary_status]) VALUES (3, N'3', N'2', N'KT3', CAST(0x76320B00 AS Date), N'Nguyễn Văn A', N'Bảo dưỡng thiết bị', N'Vốn bảo dưỡng', 1)
GO
INSERT [dbo].[Documentary] ([documentary_id], [documentary_code], [documentary_type], [department_id], [date_created], [person_created], [reason], [out/in_come], [documentary_status]) VALUES (4, NULL, N'2', N'KT4', CAST(0x77320B00 AS Date), N'Nguyễn Văn A', N'Bảo dưỡng thiết bị', N'Vốn bảo dưỡng', 1)
GO
INSERT [dbo].[Documentary] ([documentary_id], [documentary_code], [documentary_type], [department_id], [date_created], [person_created], [reason], [out/in_come], [documentary_status]) VALUES (5, N'5', N'2', N'KT1', CAST(0x79320B00 AS Date), N'Nguyễn Văn A', N'Bảo dưỡng thiết bị', N'Vốn bảo dưỡng', 1)
GO
INSERT [dbo].[Documentary] ([documentary_id], [documentary_code], [documentary_type], [department_id], [date_created], [person_created], [reason], [out/in_come], [documentary_status]) VALUES (6, NULL, N'6', N'KT5', CAST(0x79320B00 AS Date), N'Nguyễn Văn A', N'Trung đại tu thiết bị', N'Vốn trung đại tu', 1)
GO
INSERT [dbo].[Documentary] ([documentary_id], [documentary_code], [documentary_type], [department_id], [date_created], [person_created], [reason], [out/in_come], [documentary_status]) VALUES (7, NULL, N'7', N'KT4', CAST(0x79320B00 AS Date), N'Nguyễn Văn A', N'Trung đại tu thiết bị', N'Vốn trung đại tu', 1)
GO
INSERT [dbo].[Documentary] ([documentary_id], [documentary_code], [documentary_type], [department_id], [date_created], [person_created], [reason], [out/in_come], [documentary_status]) VALUES (8, N'8', N'6', N'KT3', CAST(0x79320B00 AS Date), N'Nguyễn Văn A', N'Trung đại tu thiết bị', N'Vốn trung đại tu', 1)
GO
INSERT [dbo].[Documentary] ([documentary_id], [documentary_code], [documentary_type], [department_id], [date_created], [person_created], [reason], [out/in_come], [documentary_status]) VALUES (9, N'9', N'6', N'KT1', CAST(0x79320B00 AS Date), N'Nguyễn Văn A', N'Trung đại tu thiết bị', N'Vốn trung đại tu', 1)
GO
INSERT [dbo].[Documentary] ([documentary_id], [documentary_code], [documentary_type], [department_id], [date_created], [person_created], [reason], [out/in_come], [documentary_status]) VALUES (10, N'10', N'6', N'KT2', CAST(0x79320B00 AS Date), N'Nguyễn Văn A', N'Trung đại tu thiết bị', N'Vốn trung đại tu', 1)
GO
INSERT [dbo].[Documentary] ([documentary_id], [documentary_code], [documentary_type], [department_id], [date_created], [person_created], [reason], [out/in_come], [documentary_status]) VALUES (11, N'11', N'5', N'DL3', CAST(0xBC3E0B00 AS Date), N'Nguyễn Thị Thương', N'Thanh lý thiết bị', N'Thanh lý', 1)
GO
INSERT [dbo].[Documentary] ([documentary_id], [documentary_code], [documentary_type], [department_id], [date_created], [person_created], [reason], [out/in_come], [documentary_status]) VALUES (12, N'12', N'5', N'DL2', CAST(0xF73E0B00 AS Date), N'Nguyễn Thị Thương', N'Thanh lý thiết bị', N'Thanh lý', 1)
GO
INSERT [dbo].[Documentary] ([documentary_id], [documentary_code], [documentary_type], [department_id], [date_created], [person_created], [reason], [out/in_come], [documentary_status]) VALUES (13, N'13', N'5', N'DL1', CAST(0xBC3E0B00 AS Date), N'Nguyễn Thị Thương', N'Thanh lý thiết bị', N'Thanh lý', 1)
GO
INSERT [dbo].[Documentary] ([documentary_id], [documentary_code], [documentary_type], [department_id], [date_created], [person_created], [reason], [out/in_come], [documentary_status]) VALUES (14, N'14', N'5', N'DL4', CAST(0xBC3E0B00 AS Date), N'Nguyễn Thị Thương', N'Thanh lý thiết bị', N'Thanh lý', 1)
GO
INSERT [dbo].[Documentary] ([documentary_id], [documentary_code], [documentary_type], [department_id], [date_created], [person_created], [reason], [out/in_come], [documentary_status]) VALUES (15, N'15', N'1', N'DL5', CAST(0xBC3E0B00 AS Date), N'Nguyễn Thị Thương', N'Sửa chữa thiết bị', N'Sửa chữa', 1)
GO
INSERT [dbo].[Documentary] ([documentary_id], [documentary_code], [documentary_type], [department_id], [date_created], [person_created], [reason], [out/in_come], [documentary_status]) VALUES (16, N'16', N'1', N'DL1', CAST(0xBC3E0B00 AS Date), N'Nguyễn Thị Thương', N'Sửa chữa thiết bị', N'Sửa chữa', 1)
GO
INSERT [dbo].[Documentary] ([documentary_id], [documentary_code], [documentary_type], [department_id], [date_created], [person_created], [reason], [out/in_come], [documentary_status]) VALUES (17, N'17', N'1', N'DL1', CAST(0xBC3E0B00 AS Date), N'Nguyễn Thị Thương', N'Sửa chữa thiết bị', N'Sửa chữa', 1)
GO
INSERT [dbo].[Documentary] ([documentary_id], [documentary_code], [documentary_type], [department_id], [date_created], [person_created], [reason], [out/in_come], [documentary_status]) VALUES (18, N'18', N'1', N'DL4', CAST(0xBC3E0B00 AS Date), N'Nguyễn Thị Thương', N'Sửa chữa thiết bị', N'Sửa chữa', 1)
GO
INSERT [dbo].[Documentary] ([documentary_id], [documentary_code], [documentary_type], [department_id], [date_created], [person_created], [reason], [out/in_come], [documentary_status]) VALUES (19, N'19', N'1', N'DL3', CAST(0xBC3E0B00 AS Date), N'Nguyễn Thị Thương', N'Sửa chữa thiết bị', N'Sửa chữa', 1)
GO
INSERT [dbo].[Documentary] ([documentary_id], [documentary_code], [documentary_type], [department_id], [date_created], [person_created], [reason], [out/in_come], [documentary_status]) VALUES (20, N'20', N'1', N'DL2', CAST(0xBC3E0B00 AS Date), N'Nguyễn Thị Thương', N'Sửa chữa thiết bị', N'Sửa chữa', 1)
GO
INSERT [dbo].[Documentary] ([documentary_id], [documentary_code], [documentary_type], [department_id], [date_created], [person_created], [reason], [out/in_come], [documentary_status]) VALUES (21, N'21', N'3', N'KT1', CAST(0x363F0B00 AS Date), N'Nguyễn Thị Thương', N'Điều động đi khai thác', N'Điều động', 1)
GO
INSERT [dbo].[Documentary] ([documentary_id], [documentary_code], [documentary_type], [department_id], [date_created], [person_created], [reason], [out/in_come], [documentary_status]) VALUES (22, N'22', N'3', N'KT4', CAST(0x363F0B00 AS Date), N'Nguyễn Thị Thương', N'Điều động đi khai thác', N'Điều động', 1)
GO
INSERT [dbo].[Documentary] ([documentary_id], [documentary_code], [documentary_type], [department_id], [date_created], [person_created], [reason], [out/in_come], [documentary_status]) VALUES (23, N'23', N'3', N'KT3', CAST(0x353F0B00 AS Date), N'Nguyễn Thị Thương', N'Điều động đi khai thác', N'Điều động', 1)
GO
INSERT [dbo].[Documentary] ([documentary_id], [documentary_code], [documentary_type], [department_id], [date_created], [person_created], [reason], [out/in_come], [documentary_status]) VALUES (24, N'24', N'3', N'KT2', CAST(0x343F0B00 AS Date), N'Nguyễn Thị Thương', N'Điều động đi khai thác', N'Điều động', 1)
GO
INSERT [dbo].[Documentary] ([documentary_id], [documentary_code], [documentary_type], [department_id], [date_created], [person_created], [reason], [out/in_come], [documentary_status]) VALUES (25, N'25', N'3', N'KT5', CAST(0x333F0B00 AS Date), N'Nguyễn Thị Thương', N'Điều động đi khai thác', N'Điều động', 1)
GO
INSERT [dbo].[Documentary] ([documentary_id], [documentary_code], [documentary_type], [department_id], [date_created], [person_created], [reason], [out/in_come], [documentary_status]) VALUES (26, N'26', N'4', N'KT1', CAST(0x323F0B00 AS Date), N'Nguyễn Thị Thương', N'Điều động thu hồi', NULL, 1)
GO
INSERT [dbo].[Documentary] ([documentary_id], [documentary_code], [documentary_type], [department_id], [date_created], [person_created], [reason], [out/in_come], [documentary_status]) VALUES (27, N'27', N'4', N'KT2', CAST(0x313F0B00 AS Date), N'Nguyễn Thị Thương', N'Điều động thu hồi', NULL, 1)
GO
INSERT [dbo].[Documentary] ([documentary_id], [documentary_code], [documentary_type], [department_id], [date_created], [person_created], [reason], [out/in_come], [documentary_status]) VALUES (28, N'28', N'4', N'KT5', CAST(0x303F0B00 AS Date), N'Nguyễn Thị Thương', N'Điều động thu hồi', NULL, 1)
GO
INSERT [dbo].[Documentary] ([documentary_id], [documentary_code], [documentary_type], [department_id], [date_created], [person_created], [reason], [out/in_come], [documentary_status]) VALUES (29, N'29', N'4', N'KT2', CAST(0x2F3F0B00 AS Date), N'Nguyễn Thị Thương', N'Điều động thu hồi', NULL, 1)
GO
INSERT [dbo].[Documentary] ([documentary_id], [documentary_code], [documentary_type], [department_id], [date_created], [person_created], [reason], [out/in_come], [documentary_status]) VALUES (30, N'30', N'4', N'KT3', CAST(0x2E3F0B00 AS Date), N'Nguyễn Thị Thương', N'Điều động thu hồi', NULL, 1)
GO
SET IDENTITY_INSERT [dbo].[Documentary] OFF
GO
INSERT [dbo].[Equipment_category] ([Equipment_category_id], [Equipment_category_name], [divce_type]) VALUES (N'BNHL', N'Bơm nước hầm lò', N'Hầm lò')
GO
INSERT [dbo].[Equipment_category] ([Equipment_category_id], [Equipment_category_name], [divce_type]) VALUES (N'BNLT', N'Bơm nước lộ thiên', N'Lộ thiên')
GO
INSERT [dbo].[Equipment_category] ([Equipment_category_id], [Equipment_category_name], [divce_type]) VALUES (N'BT', N'Băng tải', N'Hầm lò')
GO
INSERT [dbo].[Equipment_category] ([Equipment_category_id], [Equipment_category_name], [divce_type]) VALUES (N'DD', N'Hệ thống dây đẫn', N'Cung cấp điện, truyền dẫn')
GO
INSERT [dbo].[Equipment_category] ([Equipment_category_id], [Equipment_category_name], [divce_type]) VALUES (N'MC', N'Máng cào', N'Hầm lò')
GO
INSERT [dbo].[Equipment_category] ([Equipment_category_id], [Equipment_category_name], [divce_type]) VALUES (N'MCC', N'Máy cắt, tủ cắt', N'Cung cấp điện, truyền dẫn')
GO
INSERT [dbo].[Equipment_category] ([Equipment_category_id], [Equipment_category_name], [divce_type]) VALUES (N'MX', N'Máy xúc', N'Lộ thiên')
GO
INSERT [dbo].[Equipment_category] ([Equipment_category_id], [Equipment_category_name], [divce_type]) VALUES (N'MXD', N'Máy xúc đá', N'Hầm lò')
GO
INSERT [dbo].[Equipment_category] ([Equipment_category_id], [Equipment_category_name], [divce_type]) VALUES (N'OTOHD', N'Ô tô vận tải Hyundai HD270', N'Lộ thiên')
GO
INSERT [dbo].[Equipment_category] ([Equipment_category_id], [Equipment_category_name], [divce_type]) VALUES (N'OTOKZ', N'Ô tô vận tải Kraz 65055', N'Lộ thiên')
GO
INSERT [dbo].[Equipment_category] ([Equipment_category_id], [Equipment_category_name], [divce_type]) VALUES (N'ST15', N'Hệ thống sàng tuyển 1,5 triệu tấn/năm', N'Sàng tuyển')
GO
INSERT [dbo].[Equipment_category] ([Equipment_category_id], [Equipment_category_name], [divce_type]) VALUES (N'ST25', N'Hệ thống sàng tuyển 2,5 triệu tấn/năm', N'Sàng tuyển')
GO
INSERT [dbo].[Equipment_category] ([Equipment_category_id], [Equipment_category_name], [divce_type]) VALUES (N'TBA', N'Trạm biến áp', N'Cung cấp điện, truyền dẫn')
GO
INSERT [dbo].[Equipment_category] ([Equipment_category_id], [Equipment_category_name], [divce_type]) VALUES (N'TTR', N'Tời trục', N'Hầm lò')
GO
INSERT [dbo].[Status] ([statusid], [statusname]) VALUES (1, N'Chờ điều động')
GO
INSERT [dbo].[Status] ([statusid], [statusname]) VALUES (2, N'Đang hoạt động')
GO
INSERT [dbo].[Status] ([statusid], [statusname]) VALUES (3, N'Đang sửa chữa')
GO
INSERT [dbo].[Status] ([statusid], [statusname]) VALUES (4, N'Hỏng')
GO
INSERT [dbo].[Status] ([statusid], [statusname]) VALUES (5, N'Đang bảo dưỡng')
GO
INSERT [dbo].[Status] ([statusid], [statusname]) VALUES (6, N'Đang điều động')
GO
INSERT [dbo].[Status] ([statusid], [statusname]) VALUES (7, N'Đang thu hồi')
GO
INSERT [dbo].[Status] ([statusid], [statusname]) VALUES (8, N'Đang thanh lý')
GO
INSERT [dbo].[Status] ([statusid], [statusname]) VALUES (9, N'Đang trung tu')
GO
INSERT [dbo].[Status] ([statusid], [statusname]) VALUES (10, N'Đang đại tu')
GO
INSERT [dbo].[Status] ([statusid], [statusname]) VALUES (11, N'Đang chờ nghiệm thu')
GO
INSERT [dbo].[Status] ([statusid], [statusname]) VALUES (12, N'Đang hạn bảo đưỡng')
GO
INSERT [dbo].[Status] ([statusid], [statusname]) VALUES (13, N'Mới mua')
GO
INSERT [dbo].[Status] ([statusid], [statusname]) VALUES (14, N'Cấp mới')
GO
INSERT [dbo].[Equipment] ([equipmentId], [equipment_name], [supplier], [date_import], [depreciation_estimate], [depreciation_present], [durationOfInspection], [durationOfInsurance], [usedDay], [nearest_Maintenance_Day], [total_operating_hours], [current_Status], [fabrication_number], [mark_code], [quality_type], [input_channel], [Equipment_category_id], [department_id]) VALUES (N'14L-5676', N'Ô tô Hyundai HD270', N'Huyndai', CAST(0x74320B00 AS Date), 20, 1.5, CAST(0xCB340B00 AS Date), CAST(0x803A0B00 AS Date), CAST(0x7D330B00 AS Date), CAST(0xB2350B00 AS Date), 365, 2, 20, N'HD270', N'A', N'Đường kế toán', N'OTOHD', N'LT')
GO
INSERT [dbo].[Equipment] ([equipmentId], [equipment_name], [supplier], [date_import], [depreciation_estimate], [depreciation_present], [durationOfInspection], [durationOfInsurance], [usedDay], [nearest_Maintenance_Day], [total_operating_hours], [current_Status], [fabrication_number], [mark_code], [quality_type], [input_channel], [Equipment_category_id], [department_id]) VALUES (N'14L-5684', N'Ô tô Hyundai HD270', N'Huyndai', CAST(0x74320B00 AS Date), 20, 1.5, CAST(0xCB340B00 AS Date), CAST(0x803A0B00 AS Date), CAST(0x7D330B00 AS Date), CAST(0xB2350B00 AS Date), 365, 2, 20, N'HD270', N'A', N'Đường kế toán', N'OTOHD', N'LT')
GO
INSERT [dbo].[Equipment] ([equipmentId], [equipment_name], [supplier], [date_import], [depreciation_estimate], [depreciation_present], [durationOfInspection], [durationOfInsurance], [usedDay], [nearest_Maintenance_Day], [total_operating_hours], [current_Status], [fabrication_number], [mark_code], [quality_type], [input_channel], [Equipment_category_id], [department_id]) VALUES (N'14M-5655', N'Ô tô Kamaz 6520', N'Kamaz', CAST(0x74320B00 AS Date), 20, 1.5, CAST(0xCB340B00 AS Date), CAST(0x803A0B00 AS Date), CAST(0x7D330B00 AS Date), CAST(0xB2350B00 AS Date), 365, 2, 20, N'HD270', N'A', N'Đường kế toán', N'OTOKZ', N'LT')
GO
INSERT [dbo].[Equipment] ([equipmentId], [equipment_name], [supplier], [date_import], [depreciation_estimate], [depreciation_present], [durationOfInspection], [durationOfInsurance], [usedDay], [nearest_Maintenance_Day], [total_operating_hours], [current_Status], [fabrication_number], [mark_code], [quality_type], [input_channel], [Equipment_category_id], [department_id]) VALUES (N'14M-7618', N'Ô tô Kamaz 6520', N'Kamaz', CAST(0x74320B00 AS Date), 20, 1.5, CAST(0xCB340B00 AS Date), CAST(0x803A0B00 AS Date), CAST(0x7D330B00 AS Date), CAST(0xB2350B00 AS Date), 365, 2, 20, N'HD270', N'A', N'Đường kế toán', N'OTOKZ', N'LT')
GO
INSERT [dbo].[Equipment] ([equipmentId], [equipment_name], [supplier], [date_import], [depreciation_estimate], [depreciation_present], [durationOfInspection], [durationOfInsurance], [usedDay], [nearest_Maintenance_Day], [total_operating_hours], [current_Status], [fabrication_number], [mark_code], [quality_type], [input_channel], [Equipment_category_id], [department_id]) VALUES (N'14M-7626', N'Ô tô Kamaz 6520', N'Kamaz', CAST(0x74320B00 AS Date), 20, 1.5, CAST(0xCB340B00 AS Date), CAST(0x803A0B00 AS Date), CAST(0x7D330B00 AS Date), CAST(0xB2350B00 AS Date), 365, 2, 20, N'HD270', N'A', N'Đường kế toán', N'OTOKZ', N'LT')
GO
INSERT [dbo].[Equipment] ([equipmentId], [equipment_name], [supplier], [date_import], [depreciation_estimate], [depreciation_present], [durationOfInspection], [durationOfInsurance], [usedDay], [nearest_Maintenance_Day], [total_operating_hours], [current_Status], [fabrication_number], [mark_code], [quality_type], [input_channel], [Equipment_category_id], [department_id]) VALUES (N'14M-7905', N'Ô tô Kamaz 6520', N'Kamaz', CAST(0x74320B00 AS Date), 20, 1.5, CAST(0xCB340B00 AS Date), CAST(0x803A0B00 AS Date), CAST(0x7D330B00 AS Date), CAST(0xB2350B00 AS Date), 365, 2, 20, N'HD270', N'A', N'Đường kế toán', N'OTOKZ', N'LT')
GO
INSERT [dbo].[Equipment] ([equipmentId], [equipment_name], [supplier], [date_import], [depreciation_estimate], [depreciation_present], [durationOfInspection], [durationOfInsurance], [usedDay], [nearest_Maintenance_Day], [total_operating_hours], [current_Status], [fabrication_number], [mark_code], [quality_type], [input_channel], [Equipment_category_id], [department_id]) VALUES (N'14M-7906', N'Ô tô Kamaz 6520', N'Kamaz', CAST(0x74320B00 AS Date), 20, 1.5, CAST(0xCB340B00 AS Date), CAST(0x803A0B00 AS Date), CAST(0x7D330B00 AS Date), CAST(0xB2350B00 AS Date), 365, 2, 20, N'HD270', N'A', N'Đường kế toán', N'OTOKZ', N'LT')
GO
INSERT [dbo].[Equipment] ([equipmentId], [equipment_name], [supplier], [date_import], [depreciation_estimate], [depreciation_present], [durationOfInspection], [durationOfInsurance], [usedDay], [nearest_Maintenance_Day], [total_operating_hours], [current_Status], [fabrication_number], [mark_code], [quality_type], [input_channel], [Equipment_category_id], [department_id]) VALUES (N'14M-7907', N'Ô tô Kamaz 6520', N'Kamaz', CAST(0x74320B00 AS Date), 20, 1.5, CAST(0xCB340B00 AS Date), CAST(0x803A0B00 AS Date), CAST(0x7D330B00 AS Date), CAST(0xB2350B00 AS Date), 365, 2, 20, N'HD270', N'A', N'Đường kế toán', N'OTOKZ', N'LT')
GO
INSERT [dbo].[Equipment] ([equipmentId], [equipment_name], [supplier], [date_import], [depreciation_estimate], [depreciation_present], [durationOfInspection], [durationOfInsurance], [usedDay], [nearest_Maintenance_Day], [total_operating_hours], [current_Status], [fabrication_number], [mark_code], [quality_type], [input_channel], [Equipment_category_id], [department_id]) VALUES (N'BNLT001', N'Máy bơm nước LT 500-70  (P=135 kW) số 1', N'TCMOTOR', CAST(0x74320B00 AS Date), 20, 1.5, CAST(0xCB340B00 AS Date), CAST(0x803A0B00 AS Date), CAST(0x7D330B00 AS Date), CAST(0xB2350B00 AS Date), 365, 2, 20, N'HD270', N'A', N'Đường kế toán', N'BNLT', N'LT')
GO
INSERT [dbo].[Equipment] ([equipmentId], [equipment_name], [supplier], [date_import], [depreciation_estimate], [depreciation_present], [durationOfInspection], [durationOfInsurance], [usedDay], [nearest_Maintenance_Day], [total_operating_hours], [current_Status], [fabrication_number], [mark_code], [quality_type], [input_channel], [Equipment_category_id], [department_id]) VALUES (N'BNLT002', N'Máy bơm nước LT 500-70  (P=135 kW) số 2', N'TCMOTOR', CAST(0x74320B00 AS Date), 20, 1.5, CAST(0xCB340B00 AS Date), CAST(0x803A0B00 AS Date), CAST(0x7D330B00 AS Date), CAST(0xB2350B00 AS Date), 365, 2, 20, N'HD270', N'A', N'Đường kế toán', N'BNLT', N'LT')
GO
INSERT [dbo].[Equipment] ([equipmentId], [equipment_name], [supplier], [date_import], [depreciation_estimate], [depreciation_present], [durationOfInspection], [durationOfInsurance], [usedDay], [nearest_Maintenance_Day], [total_operating_hours], [current_Status], [fabrication_number], [mark_code], [quality_type], [input_channel], [Equipment_category_id], [department_id]) VALUES (N'BNLT003', N'Máy bơm nước LT 360-52,5x2  (P=200 kW) số 3', N'TCMOTOR', CAST(0x74320B00 AS Date), 20, 1.5, CAST(0xCB340B00 AS Date), CAST(0x803A0B00 AS Date), CAST(0x7D330B00 AS Date), CAST(0xB2350B00 AS Date), 365, 2, 20, N'HD270', N'A', N'Đường kế toán', N'BNLT', N'LT')
GO
INSERT [dbo].[Equipment] ([equipmentId], [equipment_name], [supplier], [date_import], [depreciation_estimate], [depreciation_present], [durationOfInspection], [durationOfInsurance], [usedDay], [nearest_Maintenance_Day], [total_operating_hours], [current_Status], [fabrication_number], [mark_code], [quality_type], [input_channel], [Equipment_category_id], [department_id]) VALUES (N'BT001', N'Băng tải B650  số 1', N'TCMOTOR', CAST(0x74320B00 AS Date), 20, 1.5, CAST(0xCB340B00 AS Date), CAST(0x803A0B00 AS Date), CAST(0x7D330B00 AS Date), CAST(0xB2350B00 AS Date), 365, 2, 20, N'HD270', N'A', N'Đường kế toán', N'BT', N'KT1')
GO
INSERT [dbo].[Equipment] ([equipmentId], [equipment_name], [supplier], [date_import], [depreciation_estimate], [depreciation_present], [durationOfInspection], [durationOfInsurance], [usedDay], [nearest_Maintenance_Day], [total_operating_hours], [current_Status], [fabrication_number], [mark_code], [quality_type], [input_channel], [Equipment_category_id], [department_id]) VALUES (N'BT002', N'Băng tải B1000 số 2', N'TCMOTOR', CAST(0x74320B00 AS Date), 20, 1.5, CAST(0xCB340B00 AS Date), CAST(0x803A0B00 AS Date), CAST(0x7D330B00 AS Date), CAST(0xB2350B00 AS Date), 365, 2, 20, N'HD270', N'A', N'Đường kế toán', N'BT', N'KT1')
GO
INSERT [dbo].[Equipment] ([equipmentId], [equipment_name], [supplier], [date_import], [depreciation_estimate], [depreciation_present], [durationOfInspection], [durationOfInsurance], [usedDay], [nearest_Maintenance_Day], [total_operating_hours], [current_Status], [fabrication_number], [mark_code], [quality_type], [input_channel], [Equipment_category_id], [department_id]) VALUES (N'BT003', N'Băng tải B800 số 1', N'TCMOTOR', CAST(0x74320B00 AS Date), 20, 1.5, CAST(0xCB340B00 AS Date), CAST(0x803A0B00 AS Date), CAST(0x7D330B00 AS Date), CAST(0xB2350B00 AS Date), 365, 2, 20, N'HD270', N'A', N'Đường kế toán', N'BT', N'KT1')
GO
INSERT [dbo].[Equipment] ([equipmentId], [equipment_name], [supplier], [date_import], [depreciation_estimate], [depreciation_present], [durationOfInspection], [durationOfInsurance], [usedDay], [nearest_Maintenance_Day], [total_operating_hours], [current_Status], [fabrication_number], [mark_code], [quality_type], [input_channel], [Equipment_category_id], [department_id]) VALUES (N'BT004', N'Băng tải B800 số 2', N'TCMOTOR', CAST(0x74320B00 AS Date), 20, 1.5, CAST(0xCB340B00 AS Date), CAST(0x803A0B00 AS Date), CAST(0x7D330B00 AS Date), CAST(0xB2350B00 AS Date), 365, 2, 20, N'HD270', N'A', N'Đường kế toán', N'BT', N'KT1')
GO
INSERT [dbo].[Equipment] ([equipmentId], [equipment_name], [supplier], [date_import], [depreciation_estimate], [depreciation_present], [durationOfInspection], [durationOfInsurance], [usedDay], [nearest_Maintenance_Day], [total_operating_hours], [current_Status], [fabrication_number], [mark_code], [quality_type], [input_channel], [Equipment_category_id], [department_id]) VALUES (N'BT005', N'Băng tải B650 số 3', N'TCMOTOR', CAST(0x74320B00 AS Date), 20, 1.5, CAST(0xCB340B00 AS Date), CAST(0x803A0B00 AS Date), CAST(0x7D330B00 AS Date), CAST(0xB2350B00 AS Date), 365, 2, 20, N'HD270', N'A', N'Đường kế toán', N'BT', N'KT1')
GO
INSERT [dbo].[Equipment] ([equipmentId], [equipment_name], [supplier], [date_import], [depreciation_estimate], [depreciation_present], [durationOfInspection], [durationOfInsurance], [usedDay], [nearest_Maintenance_Day], [total_operating_hours], [current_Status], [fabrication_number], [mark_code], [quality_type], [input_channel], [Equipment_category_id], [department_id]) VALUES (N'MC001', N'Bộ máng cào SGB 420/22', N'TCMOTOR', CAST(0x74320B00 AS Date), 20, 1.5, CAST(0xCB340B00 AS Date), CAST(0x803A0B00 AS Date), CAST(0x7D330B00 AS Date), CAST(0xB2350B00 AS Date), 365, 2, 20, N'HD270', N'A', N'Đường kế toán', N'MC', N'KT1')
GO
INSERT [dbo].[Equipment] ([equipmentId], [equipment_name], [supplier], [date_import], [depreciation_estimate], [depreciation_present], [durationOfInspection], [durationOfInsurance], [usedDay], [nearest_Maintenance_Day], [total_operating_hours], [current_Status], [fabrication_number], [mark_code], [quality_type], [input_channel], [Equipment_category_id], [department_id]) VALUES (N'MC002', N'Máng cào than mã hiệu MC 420/22', N'TCMOTOR', CAST(0x74320B00 AS Date), 20, 1.5, CAST(0xCB340B00 AS Date), CAST(0x803A0B00 AS Date), CAST(0x7D330B00 AS Date), CAST(0xB2350B00 AS Date), 365, 2, 20, N'HD270', N'A', N'Đường kế toán', N'MC', N'KT1')
GO
INSERT [dbo].[Equipment] ([equipmentId], [equipment_name], [supplier], [date_import], [depreciation_estimate], [depreciation_present], [durationOfInspection], [durationOfInsurance], [usedDay], [nearest_Maintenance_Day], [total_operating_hours], [current_Status], [fabrication_number], [mark_code], [quality_type], [input_channel], [Equipment_category_id], [department_id]) VALUES (N'MC003', N'Máng cào SGZ630/220', N'TCMOTOR', CAST(0x74320B00 AS Date), 20, 1.5, CAST(0xCB340B00 AS Date), CAST(0x803A0B00 AS Date), CAST(0x7D330B00 AS Date), CAST(0xB2350B00 AS Date), 365, 2, 20, N'HD270', N'A', N'Đường kế toán', N'MC', N'KT1')
GO
INSERT [dbo].[Equipment] ([equipmentId], [equipment_name], [supplier], [date_import], [depreciation_estimate], [depreciation_present], [durationOfInspection], [durationOfInsurance], [usedDay], [nearest_Maintenance_Day], [total_operating_hours], [current_Status], [fabrication_number], [mark_code], [quality_type], [input_channel], [Equipment_category_id], [department_id]) VALUES (N'MX001', N'Kobelco SK230LC-6', N'TCMOTOR', CAST(0x74320B00 AS Date), 20, 1.5, CAST(0xCB340B00 AS Date), CAST(0x803A0B00 AS Date), CAST(0x7D330B00 AS Date), CAST(0xB2350B00 AS Date), 365, 2, 16, N'SK230LC-6', N'A', N'Đường kế toán', N'MX', N'LT')
GO
INSERT [dbo].[Equipment] ([equipmentId], [equipment_name], [supplier], [date_import], [depreciation_estimate], [depreciation_present], [durationOfInspection], [durationOfInsurance], [usedDay], [nearest_Maintenance_Day], [total_operating_hours], [current_Status], [fabrication_number], [mark_code], [quality_type], [input_channel], [Equipment_category_id], [department_id]) VALUES (N'MX002', N'Kobelco SK330LC-6', N'TCMOTOR', CAST(0x74320B00 AS Date), 20, 1.5, CAST(0xCB340B00 AS Date), CAST(0x803A0B00 AS Date), CAST(0x7D330B00 AS Date), CAST(0xB2350B00 AS Date), 365, 2, 16, N'SK230LC-6', N'A', N'Đường kế toán', N'MX', N'LT')
GO
INSERT [dbo].[Equipment] ([equipmentId], [equipment_name], [supplier], [date_import], [depreciation_estimate], [depreciation_present], [durationOfInspection], [durationOfInsurance], [usedDay], [nearest_Maintenance_Day], [total_operating_hours], [current_Status], [fabrication_number], [mark_code], [quality_type], [input_channel], [Equipment_category_id], [department_id]) VALUES (N'MX003', N'Hitachi ZX670LCH-3', N'TCMOTOR', CAST(0x74320B00 AS Date), 20, 1.5, CAST(0xCB340B00 AS Date), CAST(0x803A0B00 AS Date), CAST(0x7D330B00 AS Date), CAST(0xB2350B00 AS Date), 365, 2, 16, N'SK230LC-6', N'A', N'Đường kế toán', N'MX', N'LT')
GO
INSERT [dbo].[Equipment] ([equipmentId], [equipment_name], [supplier], [date_import], [depreciation_estimate], [depreciation_present], [durationOfInspection], [durationOfInsurance], [usedDay], [nearest_Maintenance_Day], [total_operating_hours], [current_Status], [fabrication_number], [mark_code], [quality_type], [input_channel], [Equipment_category_id], [department_id]) VALUES (N'MX004', N'Kawasaky 85 ZIV', N'TCMOTOR', CAST(0x74320B00 AS Date), 20, 1.5, CAST(0xCB340B00 AS Date), CAST(0x803A0B00 AS Date), CAST(0x7D330B00 AS Date), CAST(0xB2350B00 AS Date), 365, 2, 16, N'SK230LC-6', N'A', N'Đường kế toán', N'MX', N'LT')
GO
INSERT [dbo].[Equipment] ([equipmentId], [equipment_name], [supplier], [date_import], [depreciation_estimate], [depreciation_present], [durationOfInspection], [durationOfInsurance], [usedDay], [nearest_Maintenance_Day], [total_operating_hours], [current_Status], [fabrication_number], [mark_code], [quality_type], [input_channel], [Equipment_category_id], [department_id]) VALUES (N'MX005', N'Kawasaky 80 ZIV', N'TCMOTOR', CAST(0x74320B00 AS Date), 20, 1.5, CAST(0xCB340B00 AS Date), CAST(0x803A0B00 AS Date), CAST(0x7D330B00 AS Date), CAST(0xB2350B00 AS Date), 365, 2, 16, N'SK230LC-6', N'A', N'Đường kế toán', N'MX', N'LT')
GO
INSERT [dbo].[Equipment] ([equipmentId], [equipment_name], [supplier], [date_import], [depreciation_estimate], [depreciation_present], [durationOfInspection], [durationOfInsurance], [usedDay], [nearest_Maintenance_Day], [total_operating_hours], [current_Status], [fabrication_number], [mark_code], [quality_type], [input_channel], [Equipment_category_id], [department_id]) VALUES (N'MX006', N'Kawasaky 90 ZIV Số 1', N'TCMOTOR', CAST(0x74320B00 AS Date), 20, 1.5, CAST(0xCB340B00 AS Date), CAST(0x803A0B00 AS Date), CAST(0x7D330B00 AS Date), CAST(0xB2350B00 AS Date), 365, 2, 16, N'SK230LC-6', N'A', N'Đường kế toán', N'MX', N'LT')
GO
INSERT [dbo].[Equipment] ([equipmentId], [equipment_name], [supplier], [date_import], [depreciation_estimate], [depreciation_present], [durationOfInspection], [durationOfInsurance], [usedDay], [nearest_Maintenance_Day], [total_operating_hours], [current_Status], [fabrication_number], [mark_code], [quality_type], [input_channel], [Equipment_category_id], [department_id]) VALUES (N'MX007', N'Kawasaky 90 ZIV Số 2', N'TCMOTOR', CAST(0x74320B00 AS Date), 20, 1.5, CAST(0xCB340B00 AS Date), CAST(0x803A0B00 AS Date), CAST(0x7D330B00 AS Date), CAST(0xB2350B00 AS Date), 365, 2, 16, N'SK230LC-6', N'A', N'Đường kế toán', N'MX', N'LT')
GO
INSERT [dbo].[Equipment] ([equipmentId], [equipment_name], [supplier], [date_import], [depreciation_estimate], [depreciation_present], [durationOfInspection], [durationOfInsurance], [usedDay], [nearest_Maintenance_Day], [total_operating_hours], [current_Status], [fabrication_number], [mark_code], [quality_type], [input_channel], [Equipment_category_id], [department_id]) VALUES (N'MX008', N'Hyundai HL770-9S', N'TCMOTOR', CAST(0x74320B00 AS Date), 20, 1.5, CAST(0xCB340B00 AS Date), CAST(0x803A0B00 AS Date), CAST(0x7D330B00 AS Date), CAST(0xB2350B00 AS Date), 365, 2, 16, N'SK230LC-6', N'A', N'Đường kế toán', N'MX', N'LT')
GO
INSERT [dbo].[Equipment] ([equipmentId], [equipment_name], [supplier], [date_import], [depreciation_estimate], [depreciation_present], [durationOfInspection], [durationOfInsurance], [usedDay], [nearest_Maintenance_Day], [total_operating_hours], [current_Status], [fabrication_number], [mark_code], [quality_type], [input_channel], [Equipment_category_id], [department_id]) VALUES (N'ST001', N'Băng tải cấp liệu (số 1)', N'TCMOTOR', CAST(0x74320B00 AS Date), 20, 1.5, CAST(0xCB340B00 AS Date), CAST(0x803A0B00 AS Date), CAST(0x7D330B00 AS Date), CAST(0xB2350B00 AS Date), 365, 2, 20, N'HD270', N'A', N'Đường kế toán', N'ST15', N'DL2')
GO
INSERT [dbo].[Equipment] ([equipmentId], [equipment_name], [supplier], [date_import], [depreciation_estimate], [depreciation_present], [durationOfInspection], [durationOfInsurance], [usedDay], [nearest_Maintenance_Day], [total_operating_hours], [current_Status], [fabrication_number], [mark_code], [quality_type], [input_channel], [Equipment_category_id], [department_id]) VALUES (N'ST002', N'Băng tải cấp liệu (số 2)', N'TCMOTOR', CAST(0x74320B00 AS Date), 20, 1.5, CAST(0xCB340B00 AS Date), CAST(0x803A0B00 AS Date), CAST(0x7D330B00 AS Date), CAST(0xB2350B00 AS Date), 365, 2, 20, N'HD270', N'A', N'Đường kế toán', N'ST15', N'DL2')
GO
INSERT [dbo].[Equipment] ([equipmentId], [equipment_name], [supplier], [date_import], [depreciation_estimate], [depreciation_present], [durationOfInspection], [durationOfInsurance], [usedDay], [nearest_Maintenance_Day], [total_operating_hours], [current_Status], [fabrication_number], [mark_code], [quality_type], [input_channel], [Equipment_category_id], [department_id]) VALUES (N'ST003', N'Băng tải nhặt tay (số 1)', N'TCMOTOR', CAST(0x74320B00 AS Date), 20, 1.5, CAST(0xCB340B00 AS Date), CAST(0x803A0B00 AS Date), CAST(0x7D330B00 AS Date), CAST(0xB2350B00 AS Date), 365, 2, 20, N'HD270', N'A', N'Đường kế toán', N'ST15', N'DL2')
GO
INSERT [dbo].[Equipment] ([equipmentId], [equipment_name], [supplier], [date_import], [depreciation_estimate], [depreciation_present], [durationOfInspection], [durationOfInsurance], [usedDay], [nearest_Maintenance_Day], [total_operating_hours], [current_Status], [fabrication_number], [mark_code], [quality_type], [input_channel], [Equipment_category_id], [department_id]) VALUES (N'TBA001', N'Trạm biến áp 35/6kV-2x7500kVA +1x5000kVA', N'TCMOTOR', CAST(0x74320B00 AS Date), 20, 1.5, CAST(0xCB340B00 AS Date), CAST(0x803A0B00 AS Date), CAST(0x7D330B00 AS Date), CAST(0xB2350B00 AS Date), 365, 2, 20, N'HD270', N'A', N'Đường kế toán', N'TBA', N'DL1')
GO
INSERT [dbo].[Equipment] ([equipmentId], [equipment_name], [supplier], [date_import], [depreciation_estimate], [depreciation_present], [durationOfInspection], [durationOfInsurance], [usedDay], [nearest_Maintenance_Day], [total_operating_hours], [current_Status], [fabrication_number], [mark_code], [quality_type], [input_channel], [Equipment_category_id], [department_id]) VALUES (N'TBA002', N'TBA số1:160kva- 6/0,4kv.(khu VP mỏ Ngã hai)', N'TCMOTOR', CAST(0x74320B00 AS Date), 20, 1.5, CAST(0xCB340B00 AS Date), CAST(0x803A0B00 AS Date), CAST(0x7D330B00 AS Date), CAST(0xB2350B00 AS Date), 365, 2, 20, N'HD270', N'A', N'Đường kế toán', N'TBA', N'DL1')
GO
INSERT [dbo].[Equipment] ([equipmentId], [equipment_name], [supplier], [date_import], [depreciation_estimate], [depreciation_present], [durationOfInspection], [durationOfInsurance], [usedDay], [nearest_Maintenance_Day], [total_operating_hours], [current_Status], [fabrication_number], [mark_code], [quality_type], [input_channel], [Equipment_category_id], [department_id]) VALUES (N'TBA003', N'TBA số2 160kVA - 6/0,4kv (MB +27) ', N'TCMOTOR', CAST(0x74320B00 AS Date), 20, 1.5, CAST(0xCB340B00 AS Date), CAST(0x803A0B00 AS Date), CAST(0x7D330B00 AS Date), CAST(0xB2350B00 AS Date), 365, 2, 20, N'HD270', N'A', N'Đường kế toán', N'TBA', N'DL1')
GO
INSERT [dbo].[Documentary_repair_details] ([equipment_repair_status], [repair_type], [repair_reason], [finish_date_plan], [department_id], [documentary_id], [equipmentId]) VALUES (1, N'sửa chữa lớn', N'hỏng bánh', CAST(0x323E0B00 AS Date), NULL, 15, N'BT002')
GO
INSERT [dbo].[Documentary_repair_details] ([equipment_repair_status], [repair_type], [repair_reason], [finish_date_plan], [department_id], [documentary_id], [equipmentId]) VALUES (1, N'sửa chữa lớn', N'nổ', CAST(0x313E0B00 AS Date), NULL, 16, N'14M-7906')
GO
INSERT [dbo].[Documentary_repair_details] ([equipment_repair_status], [repair_type], [repair_reason], [finish_date_plan], [department_id], [documentary_id], [equipmentId]) VALUES (0, N'sửa chữa bé', N'hỏng xe', CAST(0x2F3E0B00 AS Date), NULL, 16, N'BT001')
GO
INSERT [dbo].[Documentary_repair_details] ([equipment_repair_status], [repair_type], [repair_reason], [finish_date_plan], [department_id], [documentary_id], [equipmentId]) VALUES (1, N'sửa chữa nhỏ', N'cháy', CAST(0x503E0B00 AS Date), NULL, 17, N'BNLT001')
GO
INSERT [dbo].[Documentary_repair_details] ([equipment_repair_status], [repair_type], [repair_reason], [finish_date_plan], [department_id], [documentary_id], [equipmentId]) VALUES (1, N'sửa chữa lớn', N'xịt lốp', CAST(0x9D3F0B00 AS Date), NULL, 18, N'14L-5684')
GO
INSERT [dbo].[Documentary_repair_details] ([equipment_repair_status], [repair_type], [repair_reason], [finish_date_plan], [department_id], [documentary_id], [equipmentId]) VALUES (0, N'sửa chữa nhỏ', N'thủng xăm', CAST(0x9C3F0B00 AS Date), NULL, 19, N'14M-7905')
GO
INSERT [dbo].[Documentary_repair_details] ([equipment_repair_status], [repair_type], [repair_reason], [finish_date_plan], [department_id], [documentary_id], [equipmentId]) VALUES (1, N'sửa chữa nhỏ', N'gãy', CAST(0xDC3F0B00 AS Date), NULL, 20, N'MC002')
GO
INSERT [dbo].[Documentary_maintain_details] ([equipment_maintain_status], [maintain_type], [finish_date_plan], [department_id], [documentary_id], [equipmentId], [equipment_maintain_reason]) VALUES (1, N'Bảo dưỡng 1000h', CAST(0x79320B00 AS Date), NULL, 1, N'BNLT001', N'Bảo dưỡng ')
GO
INSERT [dbo].[Documentary_maintain_details] ([equipment_maintain_status], [maintain_type], [finish_date_plan], [department_id], [documentary_id], [equipmentId], [equipment_maintain_reason]) VALUES (1, N'Bảo dưỡng 500h', CAST(0x79320B00 AS Date), NULL, 1, N'BNLT002', NULL)
GO
INSERT [dbo].[Documentary_maintain_details] ([equipment_maintain_status], [maintain_type], [finish_date_plan], [department_id], [documentary_id], [equipmentId], [equipment_maintain_reason]) VALUES (1, N'Bảo dưỡng 200h', CAST(0x79320B00 AS Date), NULL, 2, N'BNLT003', NULL)
GO
INSERT [dbo].[Documentary_maintain_details] ([equipment_maintain_status], [maintain_type], [finish_date_plan], [department_id], [documentary_id], [equipmentId], [equipment_maintain_reason]) VALUES (0, N'Bảo dưỡng 100h', CAST(0x79320B00 AS Date), NULL, 3, N'14L-5684', NULL)
GO
INSERT [dbo].[Documentary_maintain_details] ([equipment_maintain_status], [maintain_type], [finish_date_plan], [department_id], [documentary_id], [equipmentId], [equipment_maintain_reason]) VALUES (0, N'Bảo dưỡng 100h', CAST(0x79320B00 AS Date), NULL, 4, N'14L-5684', NULL)
GO
INSERT [dbo].[Documentary_maintain_details] ([equipment_maintain_status], [maintain_type], [finish_date_plan], [department_id], [documentary_id], [equipmentId], [equipment_maintain_reason]) VALUES (0, N'Bảo dưỡng 1000h', CAST(0x79320B00 AS Date), NULL, 5, N'BT004', NULL)
GO
INSERT [dbo].[Documentary_maintain_details] ([equipment_maintain_status], [maintain_type], [finish_date_plan], [department_id], [documentary_id], [equipmentId], [equipment_maintain_reason]) VALUES (0, N'Bảo dưỡng 1000h', CAST(0x79320B00 AS Date), NULL, 5, N'MC003', NULL)
GO
INSERT [dbo].[Documentary_big_maintain_details] ([equipment_big_maintain_status], [remodel_type], [end_date], [next_remodel_type], [next_end_time], [department_id], [documentary_id], [equipmentId], [equipment_big_maintain_reason]) VALUES (0, N'Trung tu', CAST(0x79320B00 AS Date), N'Đại tu', 100, NULL, 6, N'14M-7906', NULL)
GO
INSERT [dbo].[Documentary_big_maintain_details] ([equipment_big_maintain_status], [remodel_type], [end_date], [next_remodel_type], [next_end_time], [department_id], [documentary_id], [equipmentId], [equipment_big_maintain_reason]) VALUES (1, N'Trung tu', CAST(0x79320B00 AS Date), N'Đại tu', 200, NULL, 7, N'ST002', NULL)
GO
INSERT [dbo].[Documentary_big_maintain_details] ([equipment_big_maintain_status], [remodel_type], [end_date], [next_remodel_type], [next_end_time], [department_id], [documentary_id], [equipmentId], [equipment_big_maintain_reason]) VALUES (0, N'Trung tu', CAST(0x79320B00 AS Date), N'Trung tu', 100, NULL, 8, N'TBA001', NULL)
GO
INSERT [dbo].[Documentary_big_maintain_details] ([equipment_big_maintain_status], [remodel_type], [end_date], [next_remodel_type], [next_end_time], [department_id], [documentary_id], [equipmentId], [equipment_big_maintain_reason]) VALUES (1, N'Trung tu', CAST(0x79320B00 AS Date), N'Đại tu', 200, NULL, 9, N'MX005', NULL)
GO
INSERT [dbo].[Documentary_big_maintain_details] ([equipment_big_maintain_status], [remodel_type], [end_date], [next_remodel_type], [next_end_time], [department_id], [documentary_id], [equipmentId], [equipment_big_maintain_reason]) VALUES (1, N'Trung tu', CAST(0x79320B00 AS Date), N'Đại tu', 100, NULL, 10, N'MX003', NULL)
GO
INSERT [dbo].[Documentary_moveline_details] ([equipment_moveline_status], [department_detail], [date_to], [department_id], [documentary_id], [equipmentId], [equipment_moveline_reason]) VALUES (1, N'hố 1', CAST(0x3D400B00 AS Date), NULL, 21, N'BT002', NULL)
GO
INSERT [dbo].[Documentary_moveline_details] ([equipment_moveline_status], [department_detail], [date_to], [department_id], [documentary_id], [equipmentId], [equipment_moveline_reason]) VALUES (1, N'Tổ 1', CAST(0x05400B00 AS Date), NULL, 21, N'MX001', NULL)
GO
INSERT [dbo].[Documentary_moveline_details] ([equipment_moveline_status], [department_detail], [date_to], [department_id], [documentary_id], [equipmentId], [equipment_moveline_reason]) VALUES (0, N'Tổ 1', CAST(0xD23F0B00 AS Date), NULL, 22, N'14M-7905', NULL)
GO
INSERT [dbo].[Documentary_moveline_details] ([equipment_moveline_status], [department_detail], [date_to], [department_id], [documentary_id], [equipmentId], [equipment_moveline_reason]) VALUES (1, N'Tổ 1', CAST(0x753F0B00 AS Date), NULL, 23, N'MX006', NULL)
GO
INSERT [dbo].[Documentary_moveline_details] ([equipment_moveline_status], [department_detail], [date_to], [department_id], [documentary_id], [equipmentId], [equipment_moveline_reason]) VALUES (0, N'Tổ 1', CAST(0x753F0B00 AS Date), NULL, 24, N'14M-7905', NULL)
GO
INSERT [dbo].[Documentary_moveline_details] ([equipment_moveline_status], [department_detail], [date_to], [department_id], [documentary_id], [equipmentId], [equipment_moveline_reason]) VALUES (0, N'Tổ 1', CAST(0x753F0B00 AS Date), NULL, 25, N'14M-7907', NULL)
GO
SET IDENTITY_INSERT [dbo].[Incident] ON 

GO
INSERT [dbo].[Incident] ([incident_id], [start_time], [end_time], [detail_location], [reason], [equipmentId], [department_id]) VALUES (1, CAST(0x0000A883014F1540 AS DateTime), CAST(0x0000A8BE00B28720 AS DateTime), N'Lò DV-110V7.3', N'Đứt xích', N'MX001', N'LT')
GO
INSERT [dbo].[Incident] ([incident_id], [start_time], [end_time], [detail_location], [reason], [equipmentId], [department_id]) VALUES (2, CAST(0x0000A88300CDFE60 AS DateTime), CAST(0x0000A88500CB3F40 AS DateTime), N'Lò DV-110V7.3', N'Đứt xích', N'MX001', N'KT1')
GO
INSERT [dbo].[Incident] ([incident_id], [start_time], [end_time], [detail_location], [reason], [equipmentId], [department_id]) VALUES (3, CAST(0x0000A89F00EEF3E0 AS DateTime), CAST(0x0000A89F0130DEE0 AS DateTime), N'Lò DV-110V7.3', N'Đứt xích', N'MX002', N'KT2')
GO
INSERT [dbo].[Incident] ([incident_id], [start_time], [end_time], [detail_location], [reason], [equipmentId], [department_id]) VALUES (4, CAST(0x0000A89F00CB3F40 AS DateTime), CAST(0x0000A8BE00CB3F40 AS DateTime), N'Lò DV-110V7.3', N'Đứt xích', N'MX003', N'DL1')
GO
INSERT [dbo].[Incident] ([incident_id], [start_time], [end_time], [detail_location], [reason], [equipmentId], [department_id]) VALUES (5, CAST(0x0000A8BE00EC34C0 AS DateTime), CAST(0x0000A8C1002932E0 AS DateTime), N'Lò DV-110V7.3', N'Đứt xích', N'MX004', N'DL2')
GO
INSERT [dbo].[Incident] ([incident_id], [start_time], [end_time], [detail_location], [reason], [equipmentId], [department_id]) VALUES (6, CAST(0x0000A8BE00895440 AS DateTime), CAST(0x0000A8C00078D980 AS DateTime), N'Lò DV-110V7.3', N'Đứt xích', N'MX005', N'DL1')
GO
INSERT [dbo].[Incident] ([incident_id], [start_time], [end_time], [detail_location], [reason], [equipmentId], [department_id]) VALUES (7, CAST(0x0000A8BE009C8E20 AS DateTime), CAST(0x0000A8BE00CB3F40 AS DateTime), N'Lò DV-110V7.3', N'Đứt xích', N'MX006', N'LT')
GO
INSERT [dbo].[Incident] ([incident_id], [start_time], [end_time], [detail_location], [reason], [equipmentId], [department_id]) VALUES (8, CAST(0x0000A8DC00A0ACD0 AS DateTime), NULL, N'Lò DV-110V7.3', NULL, N'MX001', N'KT3')
GO
SET IDENTITY_INSERT [dbo].[Incident] OFF
GO
SET IDENTITY_INSERT [dbo].[Maintain_Car] ON 

GO
INSERT [dbo].[Maintain_Car] ([maintainid], [equipmentid], [date], [departmentid], [maintain_content]) VALUES (1, N'14M-7905', CAST(0x893F0B00 AS Date), N'LT', N'Thay dầu')
GO
INSERT [dbo].[Maintain_Car] ([maintainid], [equipmentid], [date], [departmentid], [maintain_content]) VALUES (2, N'14M-7905', CAST(0x8A3F0B00 AS Date), N'LT', N'Thay dầu')
GO
INSERT [dbo].[Maintain_Car] ([maintainid], [equipmentid], [date], [departmentid], [maintain_content]) VALUES (3, N'14M-7905', CAST(0x8B3F0B00 AS Date), N'LT', N'Thay dầu')
GO
INSERT [dbo].[Maintain_Car] ([maintainid], [equipmentid], [date], [departmentid], [maintain_content]) VALUES (4, N'14M-7905', CAST(0x8C3F0B00 AS Date), N'LT', N'Thay dầu')
GO
SET IDENTITY_INSERT [dbo].[Maintain_Car] OFF
GO
INSERT [dbo].[Supply] ([supply_id], [supply_name], [unit], [price]) VALUES (N'BL', N'Bu lông M20x200', N'Cái', NULL)
GO
INSERT [dbo].[Supply] ([supply_id], [supply_name], [unit], [price]) VALUES (N'BRZ39', N'Bánh răng Z39', N'Cái', NULL)
GO
INSERT [dbo].[Supply] ([supply_id], [supply_name], [unit], [price]) VALUES (N'CSGC', N'Cao su giảm chấn bánh xe', N'Cái', NULL)
GO
INSERT [dbo].[Supply] ([supply_id], [supply_name], [unit], [price]) VALUES (N'DAU', N'Dầu diezen', N'L', NULL)
GO
INSERT [dbo].[Supply] ([supply_id], [supply_name], [unit], [price]) VALUES (N'DIEN', N'Điện', N'kWh', NULL)
GO
INSERT [dbo].[Supply] ([supply_id], [supply_name], [unit], [price]) VALUES (N'KD', N'Khóa dịch KJ31,5', N'Cái', NULL)
GO
INSERT [dbo].[Supply] ([supply_id], [supply_name], [unit], [price]) VALUES (N'KNM16', N'Khớp nối móc KJ16', N'Cái', NULL)
GO
INSERT [dbo].[Supply] ([supply_id], [supply_name], [unit], [price]) VALUES (N'KNM19', N'Khớp nối móc KJ19', N'Cái', NULL)
GO
INSERT [dbo].[Supply] ([supply_id], [supply_name], [unit], [price]) VALUES (N'LHD', N'Lọc hồi dịch KJ19', N'Cái', NULL)
GO
INSERT [dbo].[Supply] ([supply_id], [supply_name], [unit], [price]) VALUES (N'P110', N'Phớt 110x125', N'Cái', NULL)
GO
INSERT [dbo].[Supply] ([supply_id], [supply_name], [unit], [price]) VALUES (N'P135', N'Phớt 110x135', N'Cái', NULL)
GO
INSERT [dbo].[Supply] ([supply_id], [supply_name], [unit], [price]) VALUES (N'P190', N'Phớt 190x230', N'Cái', NULL)
GO
INSERT [dbo].[Supply] ([supply_id], [supply_name], [unit], [price]) VALUES (N'P220', N'Phớt 220x260x10', N'Cái', NULL)
GO
INSERT [dbo].[Supply] ([supply_id], [supply_name], [unit], [price]) VALUES (N'T1.5', N'Thép tấm 1,5mm', N'Cái', NULL)
GO
INSERT [dbo].[Supply] ([supply_id], [supply_name], [unit], [price]) VALUES (N'T10', N'Thép tấm 10mm', N'Cái', NULL)
GO
INSERT [dbo].[Supply] ([supply_id], [supply_name], [unit], [price]) VALUES (N'T12', N'Thép tấm 12mm', N'Cái', NULL)
GO
INSERT [dbo].[Supply] ([supply_id], [supply_name], [unit], [price]) VALUES (N'T15', N'Thép tấm 15mm', N'Cái', NULL)
GO
INSERT [dbo].[Supply] ([supply_id], [supply_name], [unit], [price]) VALUES (N'T5', N'Thép tấm 5mm', N'Cái', NULL)
GO
INSERT [dbo].[Supply] ([supply_id], [supply_name], [unit], [price]) VALUES (N'T6', N'Thép tấm 6mm', N'Cái', NULL)
GO
INSERT [dbo].[Supply] ([supply_id], [supply_name], [unit], [price]) VALUES (N'VTG', N'Van tay gạt KJ16', N'Cái', NULL)
GO
INSERT [dbo].[Supply] ([supply_id], [supply_name], [unit], [price]) VALUES (N'XANG', N'Xăng A95', N'L', NULL)
GO
INSERT [dbo].[Supply_tieuhao] ([supplyid], [departmentid], [date], [quantity], [used], [thuhoi]) VALUES (N'P110', N'KT2', CAST(0x623F0B00 AS Date), 14, 12, 5)
GO
INSERT [dbo].[Supply_tieuhao] ([supplyid], [departmentid], [date], [quantity], [used], [thuhoi]) VALUES (N'P190', N'KT3', CAST(0x623F0B00 AS Date), 12, 5, 4)
GO
INSERT [dbo].[Supply_tieuhao] ([supplyid], [departmentid], [date], [quantity], [used], [thuhoi]) VALUES (N'P220', N'LT', CAST(0x623F0B00 AS Date), 13, 11, 5)
GO
INSERT [dbo].[Supply_tieuhao] ([supplyid], [departmentid], [date], [quantity], [used], [thuhoi]) VALUES (N'T10', N'KT2', CAST(0x623F0B00 AS Date), 10, 9, 3)
GO
INSERT [dbo].[Supply_tieuhao] ([supplyid], [departmentid], [date], [quantity], [used], [thuhoi]) VALUES (N'T12', N'KT4', CAST(0x623F0B00 AS Date), 14, 7, 2)
GO
INSERT [dbo].[Supply_tieuhao] ([supplyid], [departmentid], [date], [quantity], [used], [thuhoi]) VALUES (N'T15', N'KT5', CAST(0x623F0B00 AS Date), 10, 6, 3)
GO
INSERT [dbo].[Supply_tieuhao] ([supplyid], [departmentid], [date], [quantity], [used], [thuhoi]) VALUES (N'T5', N'KT1', CAST(0x623F0B00 AS Date), 15, 10, 5)
GO
INSERT [dbo].[Supply_tieuhao] ([supplyid], [departmentid], [date], [quantity], [used], [thuhoi]) VALUES (N'T6', N'KT3', CAST(0x623F0B00 AS Date), 10, 8, 4)
GO
INSERT [dbo].[Acceptance] ([equipmentStatus], [acceptance_date], [documentary_id], [equipmentId], [acceptance_result], [documentary_process_result]) VALUES (2, CAST(0xFA3F0B00 AS Date), 24, N'14M-7905', NULL, NULL)
GO
INSERT [dbo].[Acceptance] ([equipmentStatus], [acceptance_date], [documentary_id], [equipmentId], [acceptance_result], [documentary_process_result]) VALUES (1, CAST(0x23400B00 AS Date), 6, N'14M-7906', NULL, NULL)
GO
INSERT [dbo].[Acceptance] ([equipmentStatus], [acceptance_date], [documentary_id], [equipmentId], [acceptance_result], [documentary_process_result]) VALUES (3, CAST(0x23400B00 AS Date), 25, N'14M-7907', NULL, NULL)
GO
INSERT [dbo].[Acceptance] ([equipmentStatus], [acceptance_date], [documentary_id], [equipmentId], [acceptance_result], [documentary_process_result]) VALUES (1, CAST(0xFA3F0B00 AS Date), 5, N'MC003', NULL, NULL)
GO
INSERT [dbo].[Acceptance] ([equipmentStatus], [acceptance_date], [documentary_id], [equipmentId], [acceptance_result], [documentary_process_result]) VALUES (2, CAST(0x23400B00 AS Date), 21, N'MX001', NULL, NULL)
GO
INSERT [dbo].[Acceptance] ([equipmentStatus], [acceptance_date], [documentary_id], [equipmentId], [acceptance_result], [documentary_process_result]) VALUES (4, CAST(0xFA3F0B00 AS Date), 23, N'MX006', NULL, NULL)
GO
INSERT [dbo].[Documentary_liquidation_details] ([equipment_liquidation_status], [buyer], [documentary_id], [equipmentId], [equipment_liquidation_reason]) VALUES (0, N'Công ty TNHH A', 11, N'14L-5676', N'Hết khấu hao')
GO
INSERT [dbo].[Documentary_liquidation_details] ([equipment_liquidation_status], [buyer], [documentary_id], [equipmentId], [equipment_liquidation_reason]) VALUES (1, N'Công ty TNHH A', 12, N'14M-5655', N'Hết khấu hao')
GO
INSERT [dbo].[Documentary_liquidation_details] ([equipment_liquidation_status], [buyer], [documentary_id], [equipmentId], [equipment_liquidation_reason]) VALUES (1, N'Công ty TNHH A', 13, N'14M-7618', N'Hết khấu hao')
GO
INSERT [dbo].[Documentary_liquidation_details] ([equipment_liquidation_status], [buyer], [documentary_id], [equipmentId], [equipment_liquidation_reason]) VALUES (0, N'Công ty TNHH A', 14, N'14M-7905', N'Hết khấu hao')
GO
INSERT [dbo].[Documentary_revoke_details] ([equipment_revoke_status], [documentary_id], [equipmentId], [equipment_revoke_reason]) VALUES (1, 26, N'14M-5655', N'')
GO
INSERT [dbo].[Documentary_revoke_details] ([equipment_revoke_status], [documentary_id], [equipmentId], [equipment_revoke_reason]) VALUES (1, 27, N'MX001', N'')
GO
INSERT [dbo].[Documentary_revoke_details] ([equipment_revoke_status], [documentary_id], [equipmentId], [equipment_revoke_reason]) VALUES (1, 28, N'MX007', N'')
GO
INSERT [dbo].[Documentary_revoke_details] ([equipment_revoke_status], [documentary_id], [equipmentId], [equipment_revoke_reason]) VALUES (0, 29, N'TBA001', N'')
GO
INSERT [dbo].[Documentary_revoke_details] ([equipment_revoke_status], [documentary_id], [equipmentId], [equipment_revoke_reason]) VALUES (1, 30, N'ST002', N'')
GO
SET IDENTITY_INSERT [dbo].[Supply_Documentary_Equipment] ON 

GO
INSERT [dbo].[Supply_Documentary_Equipment] ([supplyDocumentaryEquipmentId], [documentary_id], [equipmentId], [supply_id], [quantity], [supplyType], [supplyStatus], [supply_documentary_status]) VALUES (1, 16, N'BT002', N'P110', 10, 1, N'Qua sử dụng', 0)
GO
INSERT [dbo].[Supply_Documentary_Equipment] ([supplyDocumentaryEquipmentId], [documentary_id], [equipmentId], [supply_id], [quantity], [supplyType], [supplyStatus], [supply_documentary_status]) VALUES (2, 17, N'BT003', N'P110', 10, 1, N'Qua sử dụng', 1)
GO
INSERT [dbo].[Supply_Documentary_Equipment] ([supplyDocumentaryEquipmentId], [documentary_id], [equipmentId], [supply_id], [quantity], [supplyType], [supplyStatus], [supply_documentary_status]) VALUES (3, 18, N'BT004', N'P110', 10, 2, N'Qua sử dụng', 1)
GO
INSERT [dbo].[Supply_Documentary_Equipment] ([supplyDocumentaryEquipmentId], [documentary_id], [equipmentId], [supply_id], [quantity], [supplyType], [supplyStatus], [supply_documentary_status]) VALUES (4, 19, N'BT005', N'P110', 10, 1, N'Mới 100%', 0)
GO
INSERT [dbo].[Supply_Documentary_Equipment] ([supplyDocumentaryEquipmentId], [documentary_id], [equipmentId], [supply_id], [quantity], [supplyType], [supplyStatus], [supply_documentary_status]) VALUES (5, 20, N'BT002', N'P110', 10, 1, N'Mới 100%', 1)
GO
INSERT [dbo].[Supply_Documentary_Equipment] ([supplyDocumentaryEquipmentId], [documentary_id], [equipmentId], [supply_id], [quantity], [supplyType], [supplyStatus], [supply_documentary_status]) VALUES (6, 19, N'14L-5676', N'P110', 10, 2, N'Mới 100%', 1)
GO
INSERT [dbo].[Supply_Documentary_Equipment] ([supplyDocumentaryEquipmentId], [documentary_id], [equipmentId], [supply_id], [quantity], [supplyType], [supplyStatus], [supply_documentary_status]) VALUES (7, 16, N'BT002', N'P110', 10, 2, N'Qua sử dụng', 0)
GO
INSERT [dbo].[Supply_Documentary_Equipment] ([supplyDocumentaryEquipmentId], [documentary_id], [equipmentId], [supply_id], [quantity], [supplyType], [supplyStatus], [supply_documentary_status]) VALUES (8, 16, N'14L-5684', N'P110', 10, 2, N'Qua sử dụng', 1)
GO
INSERT [dbo].[Supply_Documentary_Equipment] ([supplyDocumentaryEquipmentId], [documentary_id], [equipmentId], [supply_id], [quantity], [supplyType], [supplyStatus], [supply_documentary_status]) VALUES (10, 16, N'14L-5676', N'P110', 10, 1, N'Mới 100%', 1)
GO
INSERT [dbo].[Supply_Documentary_Equipment] ([supplyDocumentaryEquipmentId], [documentary_id], [equipmentId], [supply_id], [quantity], [supplyType], [supplyStatus], [supply_documentary_status]) VALUES (11, 17, N'BT002', N'P110', 10, 2, N'Qua sử dụng', 1)
GO
INSERT [dbo].[Supply_Documentary_Equipment] ([supplyDocumentaryEquipmentId], [documentary_id], [equipmentId], [supply_id], [quantity], [supplyType], [supplyStatus], [supply_documentary_status]) VALUES (12, 16, N'14L-5676', N'P110', 10, 2, N'Mới 100%', 0)
GO
INSERT [dbo].[Supply_Documentary_Equipment] ([supplyDocumentaryEquipmentId], [documentary_id], [equipmentId], [supply_id], [quantity], [supplyType], [supplyStatus], [supply_documentary_status]) VALUES (13, 16, N'BT002', N'P110', 10, 2, N'Mới 100%', 1)
GO
INSERT [dbo].[Supply_Documentary_Equipment] ([supplyDocumentaryEquipmentId], [documentary_id], [equipmentId], [supply_id], [quantity], [supplyType], [supplyStatus], [supply_documentary_status]) VALUES (14, 20, N'14L-5676', N'P190', 10, 2, N'Qua sử dụng', 0)
GO
INSERT [dbo].[Supply_Documentary_Equipment] ([supplyDocumentaryEquipmentId], [documentary_id], [equipmentId], [supply_id], [quantity], [supplyType], [supplyStatus], [supply_documentary_status]) VALUES (15, 15, N'BT003', N'P135', 10, 2, N'Mới 100%', 1)
GO
INSERT [dbo].[Supply_Documentary_Equipment] ([supplyDocumentaryEquipmentId], [documentary_id], [equipmentId], [supply_id], [quantity], [supplyType], [supplyStatus], [supply_documentary_status]) VALUES (16, 18, N'BT002', N'P135', 10, 2, N'Qua sử dụng', 0)
GO
INSERT [dbo].[Supply_Documentary_Equipment] ([supplyDocumentaryEquipmentId], [documentary_id], [equipmentId], [supply_id], [quantity], [supplyType], [supplyStatus], [supply_documentary_status]) VALUES (17, 16, N'BT001', N'P190', 10, 1, N'Mới 100%', 1)
GO
INSERT [dbo].[Supply_Documentary_Equipment] ([supplyDocumentaryEquipmentId], [documentary_id], [equipmentId], [supply_id], [quantity], [supplyType], [supplyStatus], [supply_documentary_status]) VALUES (18, 17, N'BT002', N'P190', 10, 1, N'Qua sử dụng', 1)
GO
INSERT [dbo].[Supply_Documentary_Equipment] ([supplyDocumentaryEquipmentId], [documentary_id], [equipmentId], [supply_id], [quantity], [supplyType], [supplyStatus], [supply_documentary_status]) VALUES (19, 19, N'BT005', N'P135', 10, 2, N'Qua sử dụng', 0)
GO
INSERT [dbo].[Supply_Documentary_Equipment] ([supplyDocumentaryEquipmentId], [documentary_id], [equipmentId], [supply_id], [quantity], [supplyType], [supplyStatus], [supply_documentary_status]) VALUES (20, 15, N'BT004', N'P190', 10, 1, N'Mới 100%', 0)
GO
INSERT [dbo].[Supply_Documentary_Equipment] ([supplyDocumentaryEquipmentId], [documentary_id], [equipmentId], [supply_id], [quantity], [supplyType], [supplyStatus], [supply_documentary_status]) VALUES (21, 16, N'BT003', N'P110', 10, 1, N'Mới 100%', 1)
GO
SET IDENTITY_INSERT [dbo].[Supply_Documentary_Equipment] OFF
GO
SET IDENTITY_INSERT [dbo].[Activity] ON 

GO
INSERT [dbo].[Activity] ([activityid], [date], [equipmentid], [activityname], [hours_per_day], [quantity]) VALUES (1, CAST(0x03400B00 AS Date), N'BT002', N'Đào đá', 10, 150)
GO
INSERT [dbo].[Activity] ([activityid], [date], [equipmentid], [activityname], [hours_per_day], [quantity]) VALUES (2, CAST(0x02400B00 AS Date), N'BT002', N'Đào than', 10, 150)
GO
INSERT [dbo].[Activity] ([activityid], [date], [equipmentid], [activityname], [hours_per_day], [quantity]) VALUES (3, CAST(0x01400B00 AS Date), N'BT002', N'Chở đá', 10, 150)
GO
INSERT [dbo].[Activity] ([activityid], [date], [equipmentid], [activityname], [hours_per_day], [quantity]) VALUES (4, CAST(0x00400B00 AS Date), N'BT002', N'Chở than', 10, 150)
GO
INSERT [dbo].[Activity] ([activityid], [date], [equipmentid], [activityname], [hours_per_day], [quantity]) VALUES (5, CAST(0xFF3F0B00 AS Date), N'BT002', N'Xúc đá', 10, 150)
GO
INSERT [dbo].[Activity] ([activityid], [date], [equipmentid], [activityname], [hours_per_day], [quantity]) VALUES (6, CAST(0xFE3F0B00 AS Date), N'BT002', N'Đào than', 10, 150)
GO
INSERT [dbo].[Activity] ([activityid], [date], [equipmentid], [activityname], [hours_per_day], [quantity]) VALUES (7, CAST(0xFD3F0B00 AS Date), N'BT002', N'Chở than', 10, 150)
GO
INSERT [dbo].[Activity] ([activityid], [date], [equipmentid], [activityname], [hours_per_day], [quantity]) VALUES (8, CAST(0xFC3F0B00 AS Date), N'BT002', N'Chở than', 10, 150)
GO
INSERT [dbo].[Activity] ([activityid], [date], [equipmentid], [activityname], [hours_per_day], [quantity]) VALUES (9, CAST(0xFB3F0B00 AS Date), N'BT002', N'Chở đá', 10, 150)
GO
INSERT [dbo].[Activity] ([activityid], [date], [equipmentid], [activityname], [hours_per_day], [quantity]) VALUES (10, CAST(0xFA3F0B00 AS Date), N'BT002', N'Chở than', 10, 150)
GO
INSERT [dbo].[Activity] ([activityid], [date], [equipmentid], [activityname], [hours_per_day], [quantity]) VALUES (11, CAST(0x03400B00 AS Date), N'14M-7905', N'Xúc đá', 10, 50)
GO
INSERT [dbo].[Activity] ([activityid], [date], [equipmentid], [activityname], [hours_per_day], [quantity]) VALUES (12, CAST(0x02400B00 AS Date), N'14M-7905', N'Chở than', 10, 50)
GO
INSERT [dbo].[Activity] ([activityid], [date], [equipmentid], [activityname], [hours_per_day], [quantity]) VALUES (13, CAST(0x01400B00 AS Date), N'14M-7905', N'Chở đá', 10, 50)
GO
INSERT [dbo].[Activity] ([activityid], [date], [equipmentid], [activityname], [hours_per_day], [quantity]) VALUES (14, CAST(0x00400B00 AS Date), N'14M-7905', N'Xúc than', 10, 50)
GO
INSERT [dbo].[Activity] ([activityid], [date], [equipmentid], [activityname], [hours_per_day], [quantity]) VALUES (15, CAST(0xFF3F0B00 AS Date), N'14M-7905', N'Xúc than', 10, 50)
GO
INSERT [dbo].[Activity] ([activityid], [date], [equipmentid], [activityname], [hours_per_day], [quantity]) VALUES (16, CAST(0xFE3F0B00 AS Date), N'14M-7905', N'Xúc than', 10, 50)
GO
INSERT [dbo].[Activity] ([activityid], [date], [equipmentid], [activityname], [hours_per_day], [quantity]) VALUES (17, CAST(0xFD3F0B00 AS Date), N'14M-7905', N'Chở đá', 10, 50)
GO
INSERT [dbo].[Activity] ([activityid], [date], [equipmentid], [activityname], [hours_per_day], [quantity]) VALUES (18, CAST(0xFC3F0B00 AS Date), N'14M-7905', N'Xúc đá', 10, 50)
GO
INSERT [dbo].[Activity] ([activityid], [date], [equipmentid], [activityname], [hours_per_day], [quantity]) VALUES (19, CAST(0xFB3F0B00 AS Date), N'14M-7905', N'Chở than', 10, 30)
GO
INSERT [dbo].[Activity] ([activityid], [date], [equipmentid], [activityname], [hours_per_day], [quantity]) VALUES (20, CAST(0xFA3F0B00 AS Date), N'14M-7905', N'Xúc đá', 10, 20)
GO
INSERT [dbo].[Activity] ([activityid], [date], [equipmentid], [activityname], [hours_per_day], [quantity]) VALUES (21, CAST(0xDB3F0B00 AS Date), N'14M-7905', N'Chở than', 10, 50)
GO
INSERT [dbo].[Activity] ([activityid], [date], [equipmentid], [activityname], [hours_per_day], [quantity]) VALUES (22, CAST(0xBD3F0B00 AS Date), N'14M-7905', N'Xúc đá', 10, 40)
GO
INSERT [dbo].[Activity] ([activityid], [date], [equipmentid], [activityname], [hours_per_day], [quantity]) VALUES (23, CAST(0x9E3F0B00 AS Date), N'14M-7905', N'Chở đá', 10, 30)
GO
INSERT [dbo].[Activity] ([activityid], [date], [equipmentid], [activityname], [hours_per_day], [quantity]) VALUES (24, CAST(0x03400B00 AS Date), N'MX008', N'Xúc đá', 10, 50)
GO
INSERT [dbo].[Activity] ([activityid], [date], [equipmentid], [activityname], [hours_per_day], [quantity]) VALUES (25, CAST(0x02400B00 AS Date), N'MX008', N'Chở than', 10, 50)
GO
INSERT [dbo].[Activity] ([activityid], [date], [equipmentid], [activityname], [hours_per_day], [quantity]) VALUES (26, CAST(0x01400B00 AS Date), N'MX008', N'Chở đá', 10, 50)
GO
INSERT [dbo].[Activity] ([activityid], [date], [equipmentid], [activityname], [hours_per_day], [quantity]) VALUES (27, CAST(0x00400B00 AS Date), N'MX008', N'Xúc đá', 10, 50)
GO
INSERT [dbo].[Activity] ([activityid], [date], [equipmentid], [activityname], [hours_per_day], [quantity]) VALUES (28, CAST(0xFF3F0B00 AS Date), N'MX008', N'Chở than', 10, 50)
GO
INSERT [dbo].[Activity] ([activityid], [date], [equipmentid], [activityname], [hours_per_day], [quantity]) VALUES (29, CAST(0xFE3F0B00 AS Date), N'MX008', N'Xúc đá', 10, 50)
GO
INSERT [dbo].[Activity] ([activityid], [date], [equipmentid], [activityname], [hours_per_day], [quantity]) VALUES (30, CAST(0xFD3F0B00 AS Date), N'MX008', N'Xúc đá', 10, 50)
GO
INSERT [dbo].[Activity] ([activityid], [date], [equipmentid], [activityname], [hours_per_day], [quantity]) VALUES (31, CAST(0xFC3F0B00 AS Date), N'MX008', N'Chở than', 10, 50)
GO
INSERT [dbo].[Activity] ([activityid], [date], [equipmentid], [activityname], [hours_per_day], [quantity]) VALUES (32, CAST(0xFB3F0B00 AS Date), N'MX008', N'Xúc than', 10, 50)
GO
INSERT [dbo].[Activity] ([activityid], [date], [equipmentid], [activityname], [hours_per_day], [quantity]) VALUES (33, CAST(0xFA3F0B00 AS Date), N'MX008', N'Chở đá', 10, 50)
GO
SET IDENTITY_INSERT [dbo].[Activity] OFF
GO
INSERT [dbo].[Equipment_category_attribute] ([Equipment_category_attribute_id], [Equipment_category_attribute_name], [unit], [Equipment_category_id]) VALUES (N'AT001', N'Kích cỡ gầu', N'mm', N'MX')
GO
INSERT [dbo].[Equipment_category_attribute] ([Equipment_category_attribute_id], [Equipment_category_attribute_name], [unit], [Equipment_category_id]) VALUES (N'AT002', N'Khổ đường ray', N'mm', N'MX')
GO
INSERT [dbo].[Equipment_category_attribute] ([Equipment_category_attribute_id], [Equipment_category_attribute_name], [unit], [Equipment_category_id]) VALUES (N'AT003', N'Lực kéo', N'lb', N'MX')
GO
INSERT [dbo].[Equipment_category_attribute] ([Equipment_category_attribute_id], [Equipment_category_attribute_name], [unit], [Equipment_category_id]) VALUES (N'AT004', N'tốc độ xoay', N'rpm', N'MX')
GO
INSERT [dbo].[Category_attribute_value] ([Value], [equipmentId], [Equipment_category_id], [Equipment_category_attribute_id]) VALUES (1000, N'MX001', N'MX', N'AT001')
GO
INSERT [dbo].[Category_attribute_value] ([Value], [equipmentId], [Equipment_category_id], [Equipment_category_attribute_id]) VALUES (1000, N'MX001', N'MX', N'AT002')
GO
INSERT [dbo].[Category_attribute_value] ([Value], [equipmentId], [Equipment_category_id], [Equipment_category_attribute_id]) VALUES (1000, N'MX001', N'MX', N'AT003')
GO
INSERT [dbo].[Category_attribute_value] ([Value], [equipmentId], [Equipment_category_id], [Equipment_category_attribute_id]) VALUES (1000, N'MX001', N'MX', N'AT004')
GO
INSERT [dbo].[Equipment_attribute] ([Equipment_attribute_id], [Equipment_attribute_name], [value], [unit], [equipmentId]) VALUES (N'SK001', N'Dung tích:', 123456789, N'Cái', N'14L-5684')
GO
INSERT [dbo].[Equipment_attribute] ([Equipment_attribute_id], [Equipment_attribute_name], [value], [unit], [equipmentId]) VALUES (N'SK002', N'Yeah yeah', 123456789, N'l', N'14M-7626')
GO
INSERT [dbo].[Equipment_attribute] ([Equipment_attribute_id], [Equipment_attribute_name], [value], [unit], [equipmentId]) VALUES (N'SK003', N'GG', 123456789, N'a', N'14L-5676')
GO
INSERT [dbo].[Equipment_attribute] ([Equipment_attribute_id], [Equipment_attribute_name], [value], [unit], [equipmentId]) VALUES (N'SM001', N'S? bánh', 123456789, N'B?', N'14L-5684')
GO
INSERT [dbo].[Equipment_attribute] ([Equipment_attribute_id], [Equipment_attribute_name], [value], [unit], [equipmentId]) VALUES (N'SM002', N'Oh yeah', 123456789, N'm', N'14M-7626')
GO
INSERT [dbo].[Equipment_attribute] ([Equipment_attribute_id], [Equipment_attribute_name], [value], [unit], [equipmentId]) VALUES (N'SM003', N'Congrate', 123456789, N'b', N'14L-5676')
GO
SET IDENTITY_INSERT [dbo].[Fuel_activities_consumption] ON 

GO
INSERT [dbo].[Fuel_activities_consumption] ([fuelid], [consumption_value], [date], [equipmentId], [fuel_type]) VALUES (1, 1350, CAST(0xEF3E0B00 AS Date), N'14L-5676', N'DIEN')
GO
INSERT [dbo].[Fuel_activities_consumption] ([fuelid], [consumption_value], [date], [equipmentId], [fuel_type]) VALUES (2, 400, CAST(0xEF3E0B00 AS Date), N'14L-5676', N'XANG')
GO
INSERT [dbo].[Fuel_activities_consumption] ([fuelid], [consumption_value], [date], [equipmentId], [fuel_type]) VALUES (3, 1350, CAST(0xF03E0B00 AS Date), N'14L-5676', N'DIEN')
GO
INSERT [dbo].[Fuel_activities_consumption] ([fuelid], [consumption_value], [date], [equipmentId], [fuel_type]) VALUES (4, 400, CAST(0xF03E0B00 AS Date), N'14L-5676', N'XANG')
GO
INSERT [dbo].[Fuel_activities_consumption] ([fuelid], [consumption_value], [date], [equipmentId], [fuel_type]) VALUES (5, 1350, CAST(0xF13E0B00 AS Date), N'14L-5676', N'DIEN')
GO
INSERT [dbo].[Fuel_activities_consumption] ([fuelid], [consumption_value], [date], [equipmentId], [fuel_type]) VALUES (6, 400, CAST(0xF13E0B00 AS Date), N'14L-5676', N'XANG')
GO
INSERT [dbo].[Fuel_activities_consumption] ([fuelid], [consumption_value], [date], [equipmentId], [fuel_type]) VALUES (7, 1460, CAST(0xBD3F0B00 AS Date), N'BT002', N'DIEN')
GO
INSERT [dbo].[Fuel_activities_consumption] ([fuelid], [consumption_value], [date], [equipmentId], [fuel_type]) VALUES (8, 10, CAST(0xDB3F0B00 AS Date), N'14L-5676', N'XANG')
GO
INSERT [dbo].[Fuel_activities_consumption] ([fuelid], [consumption_value], [date], [equipmentId], [fuel_type]) VALUES (9, 1460, CAST(0xDB3F0B00 AS Date), N'BT002', N'DIEN')
GO
INSERT [dbo].[Fuel_activities_consumption] ([fuelid], [consumption_value], [date], [equipmentId], [fuel_type]) VALUES (10, 10, CAST(0xFA3F0B00 AS Date), N'14L-5676', N'XANG')
GO
INSERT [dbo].[Fuel_activities_consumption] ([fuelid], [consumption_value], [date], [equipmentId], [fuel_type]) VALUES (11, 1460, CAST(0xFA3F0B00 AS Date), N'BT002', N'DIEN')
GO
INSERT [dbo].[Fuel_activities_consumption] ([fuelid], [consumption_value], [date], [equipmentId], [fuel_type]) VALUES (12, 10, CAST(0xFB3F0B00 AS Date), N'14L-5676', N'XANG')
GO
INSERT [dbo].[Fuel_activities_consumption] ([fuelid], [consumption_value], [date], [equipmentId], [fuel_type]) VALUES (13, 1250, CAST(0xFB3F0B00 AS Date), N'BT002', N'DIEN')
GO
INSERT [dbo].[Fuel_activities_consumption] ([fuelid], [consumption_value], [date], [equipmentId], [fuel_type]) VALUES (14, 10, CAST(0xFC3F0B00 AS Date), N'14L-5676', N'XANG')
GO
INSERT [dbo].[Fuel_activities_consumption] ([fuelid], [consumption_value], [date], [equipmentId], [fuel_type]) VALUES (15, 1250, CAST(0xFC3F0B00 AS Date), N'BT002', N'DIEN')
GO
INSERT [dbo].[Fuel_activities_consumption] ([fuelid], [consumption_value], [date], [equipmentId], [fuel_type]) VALUES (16, 10, CAST(0xFD3F0B00 AS Date), N'14L-5676', N'XANG')
GO
INSERT [dbo].[Fuel_activities_consumption] ([fuelid], [consumption_value], [date], [equipmentId], [fuel_type]) VALUES (17, 1250, CAST(0xFD3F0B00 AS Date), N'BT002', N'DIEN')
GO
INSERT [dbo].[Fuel_activities_consumption] ([fuelid], [consumption_value], [date], [equipmentId], [fuel_type]) VALUES (18, 10, CAST(0xFE3F0B00 AS Date), N'14L-5676', N'XANG')
GO
INSERT [dbo].[Fuel_activities_consumption] ([fuelid], [consumption_value], [date], [equipmentId], [fuel_type]) VALUES (19, 1250, CAST(0xFE3F0B00 AS Date), N'BT002', N'DIEN')
GO
INSERT [dbo].[Fuel_activities_consumption] ([fuelid], [consumption_value], [date], [equipmentId], [fuel_type]) VALUES (20, 10, CAST(0xFF3F0B00 AS Date), N'14L-5676', N'XANG')
GO
INSERT [dbo].[Fuel_activities_consumption] ([fuelid], [consumption_value], [date], [equipmentId], [fuel_type]) VALUES (21, 1250, CAST(0xFF3F0B00 AS Date), N'BT002', N'DIEN')
GO
INSERT [dbo].[Fuel_activities_consumption] ([fuelid], [consumption_value], [date], [equipmentId], [fuel_type]) VALUES (22, 10, CAST(0x00400B00 AS Date), N'14L-5676', N'XANG')
GO
INSERT [dbo].[Fuel_activities_consumption] ([fuelid], [consumption_value], [date], [equipmentId], [fuel_type]) VALUES (23, 1250, CAST(0x00400B00 AS Date), N'BT002', N'DIEN')
GO
INSERT [dbo].[Fuel_activities_consumption] ([fuelid], [consumption_value], [date], [equipmentId], [fuel_type]) VALUES (24, 10, CAST(0x01400B00 AS Date), N'14L-5676', N'XANG')
GO
INSERT [dbo].[Fuel_activities_consumption] ([fuelid], [consumption_value], [date], [equipmentId], [fuel_type]) VALUES (25, 1250, CAST(0x01400B00 AS Date), N'BT002', N'DIEN')
GO
INSERT [dbo].[Fuel_activities_consumption] ([fuelid], [consumption_value], [date], [equipmentId], [fuel_type]) VALUES (26, 10, CAST(0x02400B00 AS Date), N'14L-5676', N'XANG')
GO
INSERT [dbo].[Fuel_activities_consumption] ([fuelid], [consumption_value], [date], [equipmentId], [fuel_type]) VALUES (27, 1250, CAST(0x02400B00 AS Date), N'BT002', N'DIEN')
GO
INSERT [dbo].[Fuel_activities_consumption] ([fuelid], [consumption_value], [date], [equipmentId], [fuel_type]) VALUES (28, 10, CAST(0x03400B00 AS Date), N'14L-5676', N'XANG')
GO
INSERT [dbo].[Fuel_activities_consumption] ([fuelid], [consumption_value], [date], [equipmentId], [fuel_type]) VALUES (29, 1250, CAST(0x03400B00 AS Date), N'BT002', N'DIEN')
GO
SET IDENTITY_INSERT [dbo].[Fuel_activities_consumption] OFF
GO
INSERT [dbo].[HoSo] ([TrangThaiHoSo], [NgayNhanHoSo], [NguoiGiaoHoSo], [CamKetTuyenDung], [QuyetDinhTiepNhanDVC], [QDChamDutHopDongDVC], [NLDHocTheoChiTieuCTDT], [NguoiBanGiaoBangNhapKho], [NguoiGiuHoSo], [MaNV], [NgayQuyetDinhTuyenDung], [NgayDiLam], [DonViKyQuyetDinhTiepNhan], [NgayQuyetDinhChamDut], [NgayChamDut], [DonViKyQuyetDinhChamDut]) VALUES (NULL, NULL, NULL, NULL, NULL, NULL, NULL, NULL, NULL, N'8056', NULL, NULL, NULL, NULL, NULL, NULL)
GO
INSERT [dbo].[HoSo] ([TrangThaiHoSo], [NgayNhanHoSo], [NguoiGiaoHoSo], [CamKetTuyenDung], [QuyetDinhTiepNhanDVC], [QDChamDutHopDongDVC], [NLDHocTheoChiTieuCTDT], [NguoiBanGiaoBangNhapKho], [NguoiGiuHoSo], [MaNV], [NgayQuyetDinhTuyenDung], [NgayDiLam], [DonViKyQuyetDinhTiepNhan], [NgayQuyetDinhChamDut], [NgayChamDut], [DonViKyQuyetDinhChamDut]) VALUES (NULL, NULL, NULL, NULL, NULL, NULL, NULL, NULL, NULL, N'8057', NULL, NULL, NULL, NULL, NULL, NULL)
GO
INSERT [dbo].[HoSo] ([TrangThaiHoSo], [NgayNhanHoSo], [NguoiGiaoHoSo], [CamKetTuyenDung], [QuyetDinhTiepNhanDVC], [QDChamDutHopDongDVC], [NLDHocTheoChiTieuCTDT], [NguoiBanGiaoBangNhapKho], [NguoiGiuHoSo], [MaNV], [NgayQuyetDinhTuyenDung], [NgayDiLam], [DonViKyQuyetDinhTiepNhan], [NgayQuyetDinhChamDut], [NgayChamDut], [DonViKyQuyetDinhChamDut]) VALUES (NULL, NULL, NULL, NULL, NULL, NULL, NULL, NULL, NULL, N'8058', NULL, NULL, NULL, NULL, NULL, NULL)
GO
INSERT [dbo].[HoSo] ([TrangThaiHoSo], [NgayNhanHoSo], [NguoiGiaoHoSo], [CamKetTuyenDung], [QuyetDinhTiepNhanDVC], [QDChamDutHopDongDVC], [NLDHocTheoChiTieuCTDT], [NguoiBanGiaoBangNhapKho], [NguoiGiuHoSo], [MaNV], [NgayQuyetDinhTuyenDung], [NgayDiLam], [DonViKyQuyetDinhTiepNhan], [NgayQuyetDinhChamDut], [NgayChamDut], [DonViKyQuyetDinhChamDut]) VALUES (NULL, NULL, NULL, NULL, NULL, NULL, NULL, NULL, NULL, N'8059', NULL, NULL, NULL, NULL, NULL, NULL)
GO
INSERT [dbo].[HoSo] ([TrangThaiHoSo], [NgayNhanHoSo], [NguoiGiaoHoSo], [CamKetTuyenDung], [QuyetDinhTiepNhanDVC], [QDChamDutHopDongDVC], [NLDHocTheoChiTieuCTDT], [NguoiBanGiaoBangNhapKho], [NguoiGiuHoSo], [MaNV], [NgayQuyetDinhTuyenDung], [NgayDiLam], [DonViKyQuyetDinhTiepNhan], [NgayQuyetDinhChamDut], [NgayChamDut], [DonViKyQuyetDinhChamDut]) VALUES (NULL, NULL, NULL, NULL, NULL, NULL, NULL, NULL, NULL, N'8060', NULL, NULL, NULL, NULL, NULL, NULL)
GO
INSERT [dbo].[HoSo] ([TrangThaiHoSo], [NgayNhanHoSo], [NguoiGiaoHoSo], [CamKetTuyenDung], [QuyetDinhTiepNhanDVC], [QDChamDutHopDongDVC], [NLDHocTheoChiTieuCTDT], [NguoiBanGiaoBangNhapKho], [NguoiGiuHoSo], [MaNV], [NgayQuyetDinhTuyenDung], [NgayDiLam], [DonViKyQuyetDinhTiepNhan], [NgayQuyetDinhChamDut], [NgayChamDut], [DonViKyQuyetDinhChamDut]) VALUES (NULL, NULL, NULL, NULL, NULL, NULL, NULL, NULL, NULL, N'8061', NULL, NULL, NULL, NULL, NULL, NULL)
GO
INSERT [dbo].[HoSo] ([TrangThaiHoSo], [NgayNhanHoSo], [NguoiGiaoHoSo], [CamKetTuyenDung], [QuyetDinhTiepNhanDVC], [QDChamDutHopDongDVC], [NLDHocTheoChiTieuCTDT], [NguoiBanGiaoBangNhapKho], [NguoiGiuHoSo], [MaNV], [NgayQuyetDinhTuyenDung], [NgayDiLam], [DonViKyQuyetDinhTiepNhan], [NgayQuyetDinhChamDut], [NgayChamDut], [DonViKyQuyetDinhChamDut]) VALUES (NULL, NULL, NULL, NULL, NULL, NULL, NULL, NULL, NULL, N'8062', NULL, NULL, NULL, NULL, NULL, NULL)
GO
INSERT [dbo].[HoSo] ([TrangThaiHoSo], [NgayNhanHoSo], [NguoiGiaoHoSo], [CamKetTuyenDung], [QuyetDinhTiepNhanDVC], [QDChamDutHopDongDVC], [NLDHocTheoChiTieuCTDT], [NguoiBanGiaoBangNhapKho], [NguoiGiuHoSo], [MaNV], [NgayQuyetDinhTuyenDung], [NgayDiLam], [DonViKyQuyetDinhTiepNhan], [NgayQuyetDinhChamDut], [NgayChamDut], [DonViKyQuyetDinhChamDut]) VALUES (NULL, NULL, NULL, NULL, NULL, NULL, NULL, NULL, NULL, N'8063', NULL, NULL, NULL, NULL, NULL, NULL)
GO
INSERT [dbo].[HoSo] ([TrangThaiHoSo], [NgayNhanHoSo], [NguoiGiaoHoSo], [CamKetTuyenDung], [QuyetDinhTiepNhanDVC], [QDChamDutHopDongDVC], [NLDHocTheoChiTieuCTDT], [NguoiBanGiaoBangNhapKho], [NguoiGiuHoSo], [MaNV], [NgayQuyetDinhTuyenDung], [NgayDiLam], [DonViKyQuyetDinhTiepNhan], [NgayQuyetDinhChamDut], [NgayChamDut], [DonViKyQuyetDinhChamDut]) VALUES (NULL, NULL, NULL, NULL, NULL, NULL, NULL, NULL, NULL, N'8064', NULL, NULL, NULL, NULL, NULL, NULL)
GO
INSERT [dbo].[HoSo] ([TrangThaiHoSo], [NgayNhanHoSo], [NguoiGiaoHoSo], [CamKetTuyenDung], [QuyetDinhTiepNhanDVC], [QDChamDutHopDongDVC], [NLDHocTheoChiTieuCTDT], [NguoiBanGiaoBangNhapKho], [NguoiGiuHoSo], [MaNV], [NgayQuyetDinhTuyenDung], [NgayDiLam], [DonViKyQuyetDinhTiepNhan], [NgayQuyetDinhChamDut], [NgayChamDut], [DonViKyQuyetDinhChamDut]) VALUES (NULL, NULL, NULL, NULL, NULL, NULL, NULL, NULL, NULL, N'8065', NULL, NULL, NULL, NULL, NULL, NULL)
GO
INSERT [dbo].[HoSo] ([TrangThaiHoSo], [NgayNhanHoSo], [NguoiGiaoHoSo], [CamKetTuyenDung], [QuyetDinhTiepNhanDVC], [QDChamDutHopDongDVC], [NLDHocTheoChiTieuCTDT], [NguoiBanGiaoBangNhapKho], [NguoiGiuHoSo], [MaNV], [NgayQuyetDinhTuyenDung], [NgayDiLam], [DonViKyQuyetDinhTiepNhan], [NgayQuyetDinhChamDut], [NgayChamDut], [DonViKyQuyetDinhChamDut]) VALUES (NULL, NULL, NULL, NULL, NULL, NULL, NULL, NULL, NULL, N'8066', NULL, NULL, NULL, NULL, NULL, NULL)
GO
INSERT [dbo].[HoSo] ([TrangThaiHoSo], [NgayNhanHoSo], [NguoiGiaoHoSo], [CamKetTuyenDung], [QuyetDinhTiepNhanDVC], [QDChamDutHopDongDVC], [NLDHocTheoChiTieuCTDT], [NguoiBanGiaoBangNhapKho], [NguoiGiuHoSo], [MaNV], [NgayQuyetDinhTuyenDung], [NgayDiLam], [DonViKyQuyetDinhTiepNhan], [NgayQuyetDinhChamDut], [NgayChamDut], [DonViKyQuyetDinhChamDut]) VALUES (NULL, NULL, NULL, NULL, NULL, NULL, NULL, NULL, NULL, N'8067', NULL, NULL, NULL, NULL, NULL, NULL)
GO
INSERT [dbo].[HoSo] ([TrangThaiHoSo], [NgayNhanHoSo], [NguoiGiaoHoSo], [CamKetTuyenDung], [QuyetDinhTiepNhanDVC], [QDChamDutHopDongDVC], [NLDHocTheoChiTieuCTDT], [NguoiBanGiaoBangNhapKho], [NguoiGiuHoSo], [MaNV], [NgayQuyetDinhTuyenDung], [NgayDiLam], [DonViKyQuyetDinhTiepNhan], [NgayQuyetDinhChamDut], [NgayChamDut], [DonViKyQuyetDinhChamDut]) VALUES (NULL, NULL, NULL, NULL, NULL, NULL, NULL, NULL, NULL, N'8068', NULL, NULL, NULL, NULL, NULL, NULL)
GO
INSERT [dbo].[HoSo] ([TrangThaiHoSo], [NgayNhanHoSo], [NguoiGiaoHoSo], [CamKetTuyenDung], [QuyetDinhTiepNhanDVC], [QDChamDutHopDongDVC], [NLDHocTheoChiTieuCTDT], [NguoiBanGiaoBangNhapKho], [NguoiGiuHoSo], [MaNV], [NgayQuyetDinhTuyenDung], [NgayDiLam], [DonViKyQuyetDinhTiepNhan], [NgayQuyetDinhChamDut], [NgayChamDut], [DonViKyQuyetDinhChamDut]) VALUES (NULL, NULL, NULL, NULL, NULL, NULL, NULL, NULL, NULL, N'8069', NULL, NULL, NULL, NULL, NULL, NULL)
GO
INSERT [dbo].[HoSo] ([TrangThaiHoSo], [NgayNhanHoSo], [NguoiGiaoHoSo], [CamKetTuyenDung], [QuyetDinhTiepNhanDVC], [QDChamDutHopDongDVC], [NLDHocTheoChiTieuCTDT], [NguoiBanGiaoBangNhapKho], [NguoiGiuHoSo], [MaNV], [NgayQuyetDinhTuyenDung], [NgayDiLam], [DonViKyQuyetDinhTiepNhan], [NgayQuyetDinhChamDut], [NgayChamDut], [DonViKyQuyetDinhChamDut]) VALUES (NULL, NULL, NULL, NULL, NULL, NULL, NULL, NULL, NULL, N'8070', NULL, NULL, NULL, NULL, NULL, NULL)
GO
INSERT [dbo].[HoSo] ([TrangThaiHoSo], [NgayNhanHoSo], [NguoiGiaoHoSo], [CamKetTuyenDung], [QuyetDinhTiepNhanDVC], [QDChamDutHopDongDVC], [NLDHocTheoChiTieuCTDT], [NguoiBanGiaoBangNhapKho], [NguoiGiuHoSo], [MaNV], [NgayQuyetDinhTuyenDung], [NgayDiLam], [DonViKyQuyetDinhTiepNhan], [NgayQuyetDinhChamDut], [NgayChamDut], [DonViKyQuyetDinhChamDut]) VALUES (NULL, NULL, NULL, NULL, NULL, NULL, NULL, NULL, NULL, N'8071', NULL, NULL, NULL, NULL, NULL, NULL)
GO
INSERT [dbo].[HoSo] ([TrangThaiHoSo], [NgayNhanHoSo], [NguoiGiaoHoSo], [CamKetTuyenDung], [QuyetDinhTiepNhanDVC], [QDChamDutHopDongDVC], [NLDHocTheoChiTieuCTDT], [NguoiBanGiaoBangNhapKho], [NguoiGiuHoSo], [MaNV], [NgayQuyetDinhTuyenDung], [NgayDiLam], [DonViKyQuyetDinhTiepNhan], [NgayQuyetDinhChamDut], [NgayChamDut], [DonViKyQuyetDinhChamDut]) VALUES (NULL, NULL, NULL, NULL, NULL, NULL, NULL, NULL, NULL, N'8072', NULL, NULL, NULL, NULL, NULL, NULL)
GO
INSERT [dbo].[HoSo] ([TrangThaiHoSo], [NgayNhanHoSo], [NguoiGiaoHoSo], [CamKetTuyenDung], [QuyetDinhTiepNhanDVC], [QDChamDutHopDongDVC], [NLDHocTheoChiTieuCTDT], [NguoiBanGiaoBangNhapKho], [NguoiGiuHoSo], [MaNV], [NgayQuyetDinhTuyenDung], [NgayDiLam], [DonViKyQuyetDinhTiepNhan], [NgayQuyetDinhChamDut], [NgayChamDut], [DonViKyQuyetDinhChamDut]) VALUES (NULL, NULL, NULL, NULL, NULL, NULL, NULL, NULL, NULL, N'8073', NULL, NULL, NULL, NULL, NULL, NULL)
GO
INSERT [dbo].[HoSo] ([TrangThaiHoSo], [NgayNhanHoSo], [NguoiGiaoHoSo], [CamKetTuyenDung], [QuyetDinhTiepNhanDVC], [QDChamDutHopDongDVC], [NLDHocTheoChiTieuCTDT], [NguoiBanGiaoBangNhapKho], [NguoiGiuHoSo], [MaNV], [NgayQuyetDinhTuyenDung], [NgayDiLam], [DonViKyQuyetDinhTiepNhan], [NgayQuyetDinhChamDut], [NgayChamDut], [DonViKyQuyetDinhChamDut]) VALUES (NULL, NULL, NULL, NULL, NULL, NULL, NULL, NULL, NULL, N'8074', NULL, NULL, NULL, NULL, NULL, NULL)
GO
INSERT [dbo].[HoSo] ([TrangThaiHoSo], [NgayNhanHoSo], [NguoiGiaoHoSo], [CamKetTuyenDung], [QuyetDinhTiepNhanDVC], [QDChamDutHopDongDVC], [NLDHocTheoChiTieuCTDT], [NguoiBanGiaoBangNhapKho], [NguoiGiuHoSo], [MaNV], [NgayQuyetDinhTuyenDung], [NgayDiLam], [DonViKyQuyetDinhTiepNhan], [NgayQuyetDinhChamDut], [NgayChamDut], [DonViKyQuyetDinhChamDut]) VALUES (NULL, NULL, NULL, NULL, NULL, NULL, NULL, NULL, NULL, N'8075', NULL, NULL, NULL, NULL, NULL, NULL)
GO
INSERT [dbo].[HoSo] ([TrangThaiHoSo], [NgayNhanHoSo], [NguoiGiaoHoSo], [CamKetTuyenDung], [QuyetDinhTiepNhanDVC], [QDChamDutHopDongDVC], [NLDHocTheoChiTieuCTDT], [NguoiBanGiaoBangNhapKho], [NguoiGiuHoSo], [MaNV], [NgayQuyetDinhTuyenDung], [NgayDiLam], [DonViKyQuyetDinhTiepNhan], [NgayQuyetDinhChamDut], [NgayChamDut], [DonViKyQuyetDinhChamDut]) VALUES (NULL, NULL, NULL, NULL, NULL, NULL, NULL, NULL, NULL, N'8076', NULL, NULL, NULL, NULL, NULL, NULL)
GO
INSERT [dbo].[HoSo] ([TrangThaiHoSo], [NgayNhanHoSo], [NguoiGiaoHoSo], [CamKetTuyenDung], [QuyetDinhTiepNhanDVC], [QDChamDutHopDongDVC], [NLDHocTheoChiTieuCTDT], [NguoiBanGiaoBangNhapKho], [NguoiGiuHoSo], [MaNV], [NgayQuyetDinhTuyenDung], [NgayDiLam], [DonViKyQuyetDinhTiepNhan], [NgayQuyetDinhChamDut], [NgayChamDut], [DonViKyQuyetDinhChamDut]) VALUES (NULL, NULL, NULL, NULL, NULL, NULL, NULL, NULL, NULL, N'8077', NULL, NULL, NULL, NULL, NULL, NULL)
GO
INSERT [dbo].[HoSo] ([TrangThaiHoSo], [NgayNhanHoSo], [NguoiGiaoHoSo], [CamKetTuyenDung], [QuyetDinhTiepNhanDVC], [QDChamDutHopDongDVC], [NLDHocTheoChiTieuCTDT], [NguoiBanGiaoBangNhapKho], [NguoiGiuHoSo], [MaNV], [NgayQuyetDinhTuyenDung], [NgayDiLam], [DonViKyQuyetDinhTiepNhan], [NgayQuyetDinhChamDut], [NgayChamDut], [DonViKyQuyetDinhChamDut]) VALUES (NULL, NULL, NULL, NULL, NULL, NULL, NULL, NULL, NULL, N'8078', NULL, NULL, NULL, NULL, NULL, NULL)
GO
INSERT [dbo].[HoSo] ([TrangThaiHoSo], [NgayNhanHoSo], [NguoiGiaoHoSo], [CamKetTuyenDung], [QuyetDinhTiepNhanDVC], [QDChamDutHopDongDVC], [NLDHocTheoChiTieuCTDT], [NguoiBanGiaoBangNhapKho], [NguoiGiuHoSo], [MaNV], [NgayQuyetDinhTuyenDung], [NgayDiLam], [DonViKyQuyetDinhTiepNhan], [NgayQuyetDinhChamDut], [NgayChamDut], [DonViKyQuyetDinhChamDut]) VALUES (NULL, NULL, NULL, NULL, NULL, NULL, NULL, NULL, NULL, N'8079', NULL, NULL, NULL, NULL, NULL, NULL)
GO
SET IDENTITY_INSERT [dbo].[Maintain_Car_Detail] ON 

GO
INSERT [dbo].[Maintain_Car_Detail] ([maintaindetailid], [maintainid], [supplyid], [quantity], [supplyType], [supplyStatus]) VALUES (1, 1, N'T1.5', 2, 1, 1)
GO
INSERT [dbo].[Maintain_Car_Detail] ([maintaindetailid], [maintainid], [supplyid], [quantity], [supplyType], [supplyStatus]) VALUES (2, 2, N'T10', 2, 1, 2)
GO
INSERT [dbo].[Maintain_Car_Detail] ([maintaindetailid], [maintainid], [supplyid], [quantity], [supplyType], [supplyStatus]) VALUES (3, 3, N'T10', 2, 1, 2)
GO
INSERT [dbo].[Maintain_Car_Detail] ([maintaindetailid], [maintainid], [supplyid], [quantity], [supplyType], [supplyStatus]) VALUES (4, 3, N'T12', 2, 1, 2)
GO
INSERT [dbo].[Maintain_Car_Detail] ([maintaindetailid], [maintainid], [supplyid], [quantity], [supplyType], [supplyStatus]) VALUES (5, 3, N'T15', 2, 1, 2)
GO
INSERT [dbo].[Maintain_Car_Detail] ([maintaindetailid], [maintainid], [supplyid], [quantity], [supplyType], [supplyStatus]) VALUES (6, 4, N'P220', 2, 1, 1)
GO
SET IDENTITY_INSERT [dbo].[Maintain_Car_Detail] OFF
GO
SET IDENTITY_INSERT [dbo].[QuyetDinh] ON 

GO
INSERT [dbo].[QuyetDinh] ([MaQuyetDinh], [SoQuyetDinh], [NgayQuyetDinh]) VALUES (1, N'1', CAST(0x433F0B00 AS Date))
GO
INSERT [dbo].[QuyetDinh] ([MaQuyetDinh], [SoQuyetDinh], [NgayQuyetDinh]) VALUES (2, N'2', CAST(0xD73D0B00 AS Date))
GO
INSERT [dbo].[QuyetDinh] ([MaQuyetDinh], [SoQuyetDinh], [NgayQuyetDinh]) VALUES (3, N'3', CAST(0xB63D0B00 AS Date))
GO
INSERT [dbo].[QuyetDinh] ([MaQuyetDinh], [SoQuyetDinh], [NgayQuyetDinh]) VALUES (4, N'4', CAST(0xC53C0B00 AS Date))
GO
SET IDENTITY_INSERT [dbo].[QuyetDinh] OFF
GO
INSERT [dbo].[ChamDut_NhanVien] ([MaQuyetDinh], [MaNV], [LoaiChamDut], [NgayChamDut]) VALUES (1, N'8056', N'Dơn phương', CAST(0x27400B00 AS Date))
GO
INSERT [dbo].[ChamDut_NhanVien] ([MaQuyetDinh], [MaNV], [LoaiChamDut], [NgayChamDut]) VALUES (2, N'8057', NULL, NULL)
GO
INSERT [dbo].[ChamDut_NhanVien] ([MaQuyetDinh], [MaNV], [LoaiChamDut], [NgayChamDut]) VALUES (3, N'8058', NULL, NULL)
GO
INSERT [dbo].[ChamDut_NhanVien] ([MaQuyetDinh], [MaNV], [LoaiChamDut], [NgayChamDut]) VALUES (4, N'8061', NULL, NULL)
GO
SET IDENTITY_INSERT [dbo].[Account] ON 

GO
INSERT [dbo].[Account] ([ID], [Name], [Username], [Password], [Position], [CDVT], [TCLD], [BGD], [DK], [KCS], [PXKT], [PXDL], [PXVT], [PXST], [PXPV], [PXDS], [PXCDM], [PXTGQLM], [PXXD], [PXLT], [AT], [KCM], [ADMIN]) VALUES (1, N'Trần Thị Thương', N'thuongtt', N'gj37F6TZpGBfr6ITnly2IQ==', N'Chuyên Viên CĐVT', 0, 0, 0, 0, 0, 0, 0, 0, 0, 0, 0, 0, 0, 0, 0, 0, 0, 0)
GO
INSERT [dbo].[Account] ([ID], [Name], [Username], [Password], [Position], [CDVT], [TCLD], [BGD], [DK], [KCS], [PXKT], [PXDL], [PXVT], [PXST], [PXPV], [PXDS], [PXCDM], [PXTGQLM], [PXXD], [PXLT], [AT], [KCM], [ADMIN]) VALUES (2, N'Hoàng Bá Long', N'longhb', N'Fc+jC62BdOx2oXf4jd8exw==', N'Chuyên Viên CĐVT', 0, 0, 0, 0, 0, 0, 0, 0, 0, 0, 0, 0, 0, 0, 0, 0, 0, 0)
GO
INSERT [dbo].[Account] ([ID], [Name], [Username], [Password], [Position], [CDVT], [TCLD], [BGD], [DK], [KCS], [PXKT], [PXDL], [PXVT], [PXST], [PXPV], [PXDS], [PXCDM], [PXTGQLM], [PXXD], [PXLT], [AT], [KCM], [ADMIN]) VALUES (3, N'Nguyễn Văn Trữ', N'trunv', N'trunv', N'Chuyên Viên CĐVT', 0, 0, 0, 0, 0, 0, 0, 0, 0, 0, 0, 0, 0, 0, 0, 0, 0, 0)
GO
INSERT [dbo].[Account] ([ID], [Name], [Username], [Password], [Position], [CDVT], [TCLD], [BGD], [DK], [KCS], [PXKT], [PXDL], [PXVT], [PXST], [PXPV], [PXDS], [PXCDM], [PXTGQLM], [PXXD], [PXLT], [AT], [KCM], [ADMIN]) VALUES (4, N'Lại Bình Minh', N'minhlb', N'minhlb', N'Chuyên Viên CĐVT', 0, 0, 0, 0, 0, 0, 0, 0, 0, 0, 0, 0, 0, 0, 0, 0, 0, 0)
GO
INSERT [dbo].[Account] ([ID], [Name], [Username], [Password], [Position], [CDVT], [TCLD], [BGD], [DK], [KCS], [PXKT], [PXDL], [PXVT], [PXST], [PXPV], [PXDS], [PXCDM], [PXTGQLM], [PXXD], [PXLT], [AT], [KCM], [ADMIN]) VALUES (5, N'Nguyễn Văn Học', N'hocnv', N'hocnv', N'Phó Phòng TCLĐ', 0, 0, 0, 0, 0, 0, 0, 0, 0, 0, 0, 0, 0, 0, 0, 0, 0, 0)
GO
INSERT [dbo].[Account] ([ID], [Name], [Username], [Password], [Position], [CDVT], [TCLD], [BGD], [DK], [KCS], [PXKT], [PXDL], [PXVT], [PXST], [PXPV], [PXDS], [PXCDM], [PXTGQLM], [PXXD], [PXLT], [AT], [KCM], [ADMIN]) VALUES (6, N'Nguyễn Thị Hòa', N'hoant', N'hoant', N'Chuyên Viên TCLĐ', 0, 0, 0, 0, 0, 0, 0, 0, 0, 0, 0, 0, 0, 0, 0, 0, 0, 0)
GO
INSERT [dbo].[Account] ([ID], [Name], [Username], [Password], [Position], [CDVT], [TCLD], [BGD], [DK], [KCS], [PXKT], [PXDL], [PXVT], [PXST], [PXPV], [PXDS], [PXCDM], [PXTGQLM], [PXXD], [PXLT], [AT], [KCM], [ADMIN]) VALUES (7, N'Nguyễn Bá Vương', N'vuongnb', N'vuongnb', N'Chuyên Viên TCLĐ', 0, 0, 0, 0, 0, 0, 0, 0, 0, 0, 0, 0, 0, 0, 0, 0, 0, 0)
GO
INSERT [dbo].[Account] ([ID], [Name], [Username], [Password], [Position], [CDVT], [TCLD], [BGD], [DK], [KCS], [PXKT], [PXDL], [PXVT], [PXST], [PXPV], [PXDS], [PXCDM], [PXTGQLM], [PXXD], [PXLT], [AT], [KCM], [ADMIN]) VALUES (8, N'Nguyễn Thị Trà', N'trant', N'trant', N'Chuyên Viên TCLĐ', 0, 0, 0, 0, 0, 0, 0, 0, 0, 0, 0, 0, 0, 0, 0, 0, 0, 0)
GO
INSERT [dbo].[Account] ([ID], [Name], [Username], [Password], [Position], [CDVT], [TCLD], [BGD], [DK], [KCS], [PXKT], [PXDL], [PXVT], [PXST], [PXPV], [PXDS], [PXCDM], [PXTGQLM], [PXXD], [PXLT], [AT], [KCM], [ADMIN]) VALUES (9, N'Nguyễn Văn Long', N'longnv', N'longnv', N'Chuyên Viên TCLĐ', 0, 0, 0, 0, 0, 0, 0, 0, 0, 0, 0, 0, 0, 0, 0, 0, 0, 0)
GO
INSERT [dbo].[Account] ([ID], [Name], [Username], [Password], [Position], [CDVT], [TCLD], [BGD], [DK], [KCS], [PXKT], [PXDL], [PXVT], [PXST], [PXPV], [PXDS], [PXCDM], [PXTGQLM], [PXXD], [PXLT], [AT], [KCM], [ADMIN]) VALUES (10, N'Trần Văn Tú', N'tutv', N'tutv', N'Giám Đốc', 0, 0, 0, 0, 0, 0, 0, 0, 0, 0, 0, 0, 0, 0, 0, 0, 0, 0)
GO
INSERT [dbo].[Account] ([ID], [Name], [Username], [Password], [Position], [CDVT], [TCLD], [BGD], [DK], [KCS], [PXKT], [PXDL], [PXVT], [PXST], [PXPV], [PXDS], [PXCDM], [PXTGQLM], [PXXD], [PXLT], [AT], [KCM], [ADMIN]) VALUES (11, N' Lê Minh Đức', N'duclm', N'duclm', N'Chuyên Viên KCS', 0, 0, 0, 0, 0, 0, 0, 0, 0, 0, 0, 0, 0, 0, 0, 0, 0, 0)
GO
INSERT [dbo].[Account] ([ID], [Name], [Username], [Password], [Position], [CDVT], [TCLD], [BGD], [DK], [KCS], [PXKT], [PXDL], [PXVT], [PXST], [PXPV], [PXDS], [PXCDM], [PXTGQLM], [PXXD], [PXLT], [AT], [KCM], [ADMIN]) VALUES (12, N'Vũ Văn An', N'anvv', N'anvv', N'Chuyên Viên Điều Khiển', 0, 0, 0, 0, 0, 0, 0, 0, 0, 0, 0, 0, 0, 0, 0, 0, 0, 0)
GO
INSERT [dbo].[Account] ([ID], [Name], [Username], [Password], [Position], [CDVT], [TCLD], [BGD], [DK], [KCS], [PXKT], [PXDL], [PXVT], [PXST], [PXPV], [PXDS], [PXCDM], [PXTGQLM], [PXXD], [PXLT], [AT], [KCM], [ADMIN]) VALUES (13, N'Nguyễn Đức Cương', N'cuongnd', N'cuongnd', N'Quản Đốc PXKT', 0, 0, 0, 0, 0, 0, 0, 0, 0, 0, 0, 0, 0, 0, 0, 0, 0, 0)
GO
INSERT [dbo].[Account] ([ID], [Name], [Username], [Password], [Position], [CDVT], [TCLD], [BGD], [DK], [KCS], [PXKT], [PXDL], [PXVT], [PXST], [PXPV], [PXDS], [PXCDM], [PXTGQLM], [PXXD], [PXLT], [AT], [KCM], [ADMIN]) VALUES (14, N'ADMIN', N'admin', N'ISMvKXpXpadDiUoOSoAfww==', N'Quản lí phần mềm', 1, 1, 1, 1, 1, 1, 0, 0, 0, 0, 0, 0, 0, 0, 0, 0, 0, 1)
GO
INSERT [dbo].[Account] ([ID], [Name], [Username], [Password], [Position], [CDVT], [TCLD], [BGD], [DK], [KCS], [PXKT], [PXDL], [PXVT], [PXST], [PXPV], [PXDS], [PXCDM], [PXTGQLM], [PXXD], [PXLT], [AT], [KCM], [ADMIN]) VALUES (22, N'cdvt', N'cdvt', N'4QrcOUm6Wau+VuBX8g+IPg==', N'Chuyên Viên CĐVT', 1, 0, 0, 0, 0, 0, 0, 0, 0, 0, 0, 0, 0, 0, 0, 0, 0, 0)
GO
INSERT [dbo].[Account] ([ID], [Name], [Username], [Password], [Position], [CDVT], [TCLD], [BGD], [DK], [KCS], [PXKT], [PXDL], [PXVT], [PXST], [PXPV], [PXDS], [PXCDM], [PXTGQLM], [PXXD], [PXLT], [AT], [KCM], [ADMIN]) VALUES (23, N'tcld', N'tcld', N'4QrcOUm6Wau+VuBX8g+IPg==', N'Chuyên Viên TCLD', 0, 1, 0, 0, 0, 0, 0, 0, 0, 0, 0, 0, 0, 0, 0, 0, 0, 0)
GO
INSERT [dbo].[Account] ([ID], [Name], [Username], [Password], [Position], [CDVT], [TCLD], [BGD], [DK], [KCS], [PXKT], [PXDL], [PXVT], [PXST], [PXPV], [PXDS], [PXCDM], [PXTGQLM], [PXXD], [PXLT], [AT], [KCM], [ADMIN]) VALUES (24, N'bgd', N'bgd', N'4QrcOUm6Wau+VuBX8g+IPg==', N'Giám Đốc', 0, 0, 1, 0, 0, 0, 0, 0, 0, 0, 0, 0, 0, 0, 0, 0, 0, 0)
GO
INSERT [dbo].[Account] ([ID], [Name], [Username], [Password], [Position], [CDVT], [TCLD], [BGD], [DK], [KCS], [PXKT], [PXDL], [PXVT], [PXST], [PXPV], [PXDS], [PXCDM], [PXTGQLM], [PXXD], [PXLT], [AT], [KCM], [ADMIN]) VALUES (25, N'dk', N'dk', N'4QrcOUm6Wau+VuBX8g+IPg==', N'Điều Khiển', 0, 0, 0, 1, 0, 0, 0, 0, 0, 0, 0, 0, 0, 0, 0, 0, 0, 0)
GO
INSERT [dbo].[Account] ([ID], [Name], [Username], [Password], [Position], [CDVT], [TCLD], [BGD], [DK], [KCS], [PXKT], [PXDL], [PXVT], [PXST], [PXPV], [PXDS], [PXCDM], [PXTGQLM], [PXXD], [PXLT], [AT], [KCM], [ADMIN]) VALUES (26, N'pxkt', N'pxkt', N'4QrcOUm6Wau+VuBX8g+IPg==', N'Phân Xưởng Khai Thác', 0, 0, 0, 0, 0, 1, 0, 0, 0, 0, 0, 0, 0, 0, 0, 0, 0, 0)
GO
INSERT [dbo].[Account] ([ID], [Name], [Username], [Password], [Position], [CDVT], [TCLD], [BGD], [DK], [KCS], [PXKT], [PXDL], [PXVT], [PXST], [PXPV], [PXDS], [PXCDM], [PXTGQLM], [PXXD], [PXLT], [AT], [KCM], [ADMIN]) VALUES (27, N'kcs', N'kcs', N'4QrcOUm6Wau+VuBX8g+IPg==', N'Chuyên Viên KCS', 0, 0, 0, 0, 1, 0, 0, 0, 0, 0, 0, 0, 0, 0, 0, 0, 0, 0)
GO
INSERT [dbo].[Account] ([ID], [Name], [Username], [Password], [Position], [CDVT], [TCLD], [BGD], [DK], [KCS], [PXKT], [PXDL], [PXVT], [PXST], [PXPV], [PXDS], [PXCDM], [PXTGQLM], [PXXD], [PXLT], [AT], [KCM], [ADMIN]) VALUES (28, N'pxds', N'pxds', N'4QrcOUm6Wau+VuBX8g+IPg==', N'Phân Xưởng Đời Sống', 0, 0, 0, 0, 0, 0, 0, 0, 0, 0, 0, 0, 0, 0, 0, 0, 0, 0)
GO
SET IDENTITY_INSERT [dbo].[Account] OFF
GO
SET IDENTITY_INSERT [dbo].[Account_Right] ON 

GO
INSERT [dbo].[Account_Right] ([ID], [ModuleID], [GroupID], [Right], [isBasic]) VALUES (1, N'1', 1, N'Thêm mới thiết bị', 0)
GO
INSERT [dbo].[Account_Right] ([ID], [ModuleID], [GroupID], [Right], [isBasic]) VALUES (2, N'1', 1, N'Cập nhật ngày kiểm định thiết bị', 0)
GO
INSERT [dbo].[Account_Right] ([ID], [ModuleID], [GroupID], [Right], [isBasic]) VALUES (3, N'1', 1, N'Xuất ra excel danh sách thiết bị', 0)
GO
INSERT [dbo].[Account_Right] ([ID], [ModuleID], [GroupID], [Right], [isBasic]) VALUES (4, N'1', 1, N'Sửa thông tin thiết bị huy động', 0)
GO
INSERT [dbo].[Account_Right] ([ID], [ModuleID], [GroupID], [Right], [isBasic]) VALUES (5, N'1', 1, N'Xóa thông tin thiết bị huy động', 0)
GO
INSERT [dbo].[Account_Right] ([ID], [ModuleID], [GroupID], [Right], [isBasic]) VALUES (6, N'1', 1, N'Xem màn huy động thiết bị', 1)
GO
INSERT [dbo].[Account_Right] ([ID], [ModuleID], [GroupID], [Right], [isBasic]) VALUES (7, N'1', 29, N'Xem màn cập nhật hoạt động thiết bị', 0)
GO
INSERT [dbo].[Account_Right] ([ID], [ModuleID], [GroupID], [Right], [isBasic]) VALUES (8, N'1', 29, N'Thêm cập nhật hoạt động thiết bị', 0)
GO
INSERT [dbo].[Account_Right] ([ID], [ModuleID], [GroupID], [Right], [isBasic]) VALUES (9, N'1', 29, N'Chỉnh sửa cập nhập hoạt động thiết bị', 0)
GO
INSERT [dbo].[Account_Right] ([ID], [ModuleID], [GroupID], [Right], [isBasic]) VALUES (10, N'1', 2, N'Xem màn huy động ô tô', 1)
GO
INSERT [dbo].[Account_Right] ([ID], [ModuleID], [GroupID], [Right], [isBasic]) VALUES (11, N'1', 2, N'Thêm mới ô tô', 0)
GO
INSERT [dbo].[Account_Right] ([ID], [ModuleID], [GroupID], [Right], [isBasic]) VALUES (12, N'1', 2, N'Sửa thông tin ô tô', 0)
GO
INSERT [dbo].[Account_Right] ([ID], [ModuleID], [GroupID], [Right], [isBasic]) VALUES (13, N'1', 3, N'Xem màn cập nhật hoạt động ô tô', 1)
GO
INSERT [dbo].[Account_Right] ([ID], [ModuleID], [GroupID], [Right], [isBasic]) VALUES (14, N'1', 3, N'Thêm cập nhật hoạt động ô tô', 0)
GO
INSERT [dbo].[Account_Right] ([ID], [ModuleID], [GroupID], [Right], [isBasic]) VALUES (15, N'1', 3, N'Chỉnh sửa cập nhật hoạt động ô tô', 0)
GO
INSERT [dbo].[Account_Right] ([ID], [ModuleID], [GroupID], [Right], [isBasic]) VALUES (16, N'1', 4, N'Xem màn bảo dưỡng hằng ngày ô tô', 1)
GO
INSERT [dbo].[Account_Right] ([ID], [ModuleID], [GroupID], [Right], [isBasic]) VALUES (17, N'1', 4, N'Thêm bảo dưỡng hằng ngày ô tô', 0)
GO
INSERT [dbo].[Account_Right] ([ID], [ModuleID], [GroupID], [Right], [isBasic]) VALUES (18, N'1', 4, N'Chỉnh sửa bảo dưỡng hàng ngày ô tô', 0)
GO
INSERT [dbo].[Account_Right] ([ID], [ModuleID], [GroupID], [Right], [isBasic]) VALUES (19, N'1', 5, N'Xem màn thông tin sự cố', 1)
GO
INSERT [dbo].[Account_Right] ([ID], [ModuleID], [GroupID], [Right], [isBasic]) VALUES (20, N'1', 5, N'Thêm sự cố', 0)
GO
INSERT [dbo].[Account_Right] ([ID], [ModuleID], [GroupID], [Right], [isBasic]) VALUES (21, N'1', 5, N'Chỉnh sửa/Cập nhật sự cố', 0)
GO
INSERT [dbo].[Account_Right] ([ID], [ModuleID], [GroupID], [Right], [isBasic]) VALUES (23, N'1', 6, N'Xem danh sách quyết định chưa xử lí', 0)
GO
INSERT [dbo].[Account_Right] ([ID], [ModuleID], [GroupID], [Right], [isBasic]) VALUES (24, N'1', 7, N'Xem danh sách quyết định đã xử lí', 0)
GO
INSERT [dbo].[Account_Right] ([ID], [ModuleID], [GroupID], [Right], [isBasic]) VALUES (25, N'1', 8, N'Xem màn danh sách thiết bị chờ nghiệm thu', 1)
GO
INSERT [dbo].[Account_Right] ([ID], [ModuleID], [GroupID], [Right], [isBasic]) VALUES (26, N'1', 9, N'Xem màn danh sách thiết bị đã nghiệm thu', 1)
GO
INSERT [dbo].[Account_Right] ([ID], [ModuleID], [GroupID], [Right], [isBasic]) VALUES (27, N'1', 10, N'Xem màn xin cấp vật tư sửa chữa thường xuyên', 1)
GO
INSERT [dbo].[Account_Right] ([ID], [ModuleID], [GroupID], [Right], [isBasic]) VALUES (28, N'1', 11, N'Xem màn tổng hợp vật tư sửa chữa thường xuyên', 0)
GO
INSERT [dbo].[Account_Right] ([ID], [ModuleID], [GroupID], [Right], [isBasic]) VALUES (29, N'1', 12, N'Xem màn tiêu hao vật tư', 1)
GO
INSERT [dbo].[Account_Right] ([ID], [ModuleID], [GroupID], [Right], [isBasic]) VALUES (30, N'1', 13, N'Danh sách quyết định sửa chữa', 0)
GO
INSERT [dbo].[Account_Right] ([ID], [ModuleID], [GroupID], [Right], [isBasic]) VALUES (31, N'1', 14, N'Danh sách quyết định bảo dưỡng', 0)
GO
INSERT [dbo].[Account_Right] ([ID], [ModuleID], [GroupID], [Right], [isBasic]) VALUES (33, N'1', 10, N'Thêm vật tư sửa chữa thường xuyên', 0)
GO
INSERT [dbo].[Account_Right] ([ID], [ModuleID], [GroupID], [Right], [isBasic]) VALUES (35, N'1', 11, N'Chỉnh sửa bảng chi tiết tổng hợp vật tư', 0)
GO
INSERT [dbo].[Account_Right] ([ID], [ModuleID], [GroupID], [Right], [isBasic]) VALUES (37, N'1', 12, N'Chỉnh sửa tiêu hao vật tư', 0)
GO
INSERT [dbo].[Account_Right] ([ID], [ModuleID], [GroupID], [Right], [isBasic]) VALUES (38, N'1', 16, N'Danh sách quyết định điều động', 0)
GO
INSERT [dbo].[Account_Right] ([ID], [ModuleID], [GroupID], [Right], [isBasic]) VALUES (39, N'1', 17, N'Danh sách quyết định thu hồi', 0)
GO
INSERT [dbo].[Account_Right] ([ID], [ModuleID], [GroupID], [Right], [isBasic]) VALUES (40, N'1', 18, N'Danh sách quyết định thanh lí', 0)
GO
INSERT [dbo].[Account_Right] ([ID], [ModuleID], [GroupID], [Right], [isBasic]) VALUES (41, N'1', 19, N'Danh sách quyết định kiểm định', 0)
GO
INSERT [dbo].[Account_Right] ([ID], [ModuleID], [GroupID], [Right], [isBasic]) VALUES (42, N'1', 20, N'Danh sách quyết định trùng đại tu', 0)
GO
INSERT [dbo].[Account_Right] ([ID], [ModuleID], [GroupID], [Right], [isBasic]) VALUES (43, N'1', 21, N'Báo cáo sử dụng năng lượng', 0)
GO
INSERT [dbo].[Account_Right] ([ID], [ModuleID], [GroupID], [Right], [isBasic]) VALUES (44, N'1', 22, N'Báo cáo sử dụng nhiên liệu', 0)
GO
INSERT [dbo].[Account_Right] ([ID], [ModuleID], [GroupID], [Right], [isBasic]) VALUES (45, N'1', 23, N'Báo cáo huy động bơm thoát nước', 0)
GO
INSERT [dbo].[Account_Right] ([ID], [ModuleID], [GroupID], [Right], [isBasic]) VALUES (46, N'1', 24, N'Báo cáo thanh lí thiết bị', 0)
GO
INSERT [dbo].[Account_Right] ([ID], [ModuleID], [GroupID], [Right], [isBasic]) VALUES (47, N'1', 25, N'Báo cáo bảo dưỡng thiết bị', 0)
GO
INSERT [dbo].[Account_Right] ([ID], [ModuleID], [GroupID], [Right], [isBasic]) VALUES (48, N'1', 26, N'Báo cáo sữa chữa thiết bị', 0)
GO
INSERT [dbo].[Account_Right] ([ID], [ModuleID], [GroupID], [Right], [isBasic]) VALUES (49, N'1', 27, N'Báo cáo kiểm định thiết bị', 0)
GO
INSERT [dbo].[Account_Right] ([ID], [ModuleID], [GroupID], [Right], [isBasic]) VALUES (50, N'1', 28, N'Báo cáo thu hồi thiết bị', 0)
GO
INSERT [dbo].[Account_Right] ([ID], [ModuleID], [GroupID], [Right], [isBasic]) VALUES (51, N'2', 1, N'Xem danh sách hồ sơ nhân viên', 0)
GO
INSERT [dbo].[Account_Right] ([ID], [ModuleID], [GroupID], [Right], [isBasic]) VALUES (52, N'2', 1, N'Thêm hồ sơ nhân viên', 0)
GO
INSERT [dbo].[Account_Right] ([ID], [ModuleID], [GroupID], [Right], [isBasic]) VALUES (53, N'2', 1, N'Chỉnh sửa hồ sơ nhân viên', 0)
GO
INSERT [dbo].[Account_Right] ([ID], [ModuleID], [GroupID], [Right], [isBasic]) VALUES (54, N'2', 1, N'Xem lịch sử làm việc/điều chuyển nhân viên', 0)
GO
INSERT [dbo].[Account_Right] ([ID], [ModuleID], [GroupID], [Right], [isBasic]) VALUES (55, N'2', 1, N'Thanh lí hợp đồng nhân viên', 0)
GO
INSERT [dbo].[Account_Right] ([ID], [ModuleID], [GroupID], [Right], [isBasic]) VALUES (56, N'2', 1, N'Xem chi tiết hồ sơ nhân viên', 0)
GO
INSERT [dbo].[Account_Right] ([ID], [ModuleID], [GroupID], [Right], [isBasic]) VALUES (57, N'2', 8, N'Xem báo cáo thực hiện lao động, tiền lương công nhân', 0)
GO
INSERT [dbo].[Account_Right] ([ID], [ModuleID], [GroupID], [Right], [isBasic]) VALUES (58, N'2', 2, N'Xem danh sách chứng chỉ lao động', 0)
GO
INSERT [dbo].[Account_Right] ([ID], [ModuleID], [GroupID], [Right], [isBasic]) VALUES (59, N'2', 2, N'Thêm chứng chỉ lao động', 0)
GO
INSERT [dbo].[Account_Right] ([ID], [ModuleID], [GroupID], [Right], [isBasic]) VALUES (60, N'2', 2, N'Chỉnh sửa chứng chỉ lao động', 0)
GO
INSERT [dbo].[Account_Right] ([ID], [ModuleID], [GroupID], [Right], [isBasic]) VALUES (61, N'2', 2, N'Xóa chứng chỉ lao động', 0)
GO
INSERT [dbo].[Account_Right] ([ID], [ModuleID], [GroupID], [Right], [isBasic]) VALUES (62, N'2', 3, N'Danh sách bảo hộ lao động', 0)
GO
INSERT [dbo].[Account_Right] ([ID], [ModuleID], [GroupID], [Right], [isBasic]) VALUES (63, N'2', 4, N'Xem bảng tổng hợp toàn công ty', 1)
GO
INSERT [dbo].[Account_Right] ([ID], [ModuleID], [GroupID], [Right], [isBasic]) VALUES (64, N'2', 5, N'Xem màn điều động nhân viên', 0)
GO
INSERT [dbo].[Account_Right] ([ID], [ModuleID], [GroupID], [Right], [isBasic]) VALUES (65, N'2', 5, N'Điều động nhân viên', 0)
GO
INSERT [dbo].[Account_Right] ([ID], [ModuleID], [GroupID], [Right], [isBasic]) VALUES (67, N'2', 6, N'Báo cáo năng suất lao động và tiền lương', 0)
GO
INSERT [dbo].[Account_Right] ([ID], [ModuleID], [GroupID], [Right], [isBasic]) VALUES (71, N'3', 2, N'Báo cáo chất lượng than tồn kho - tiêu thụ và sản xuất', 0)
GO
INSERT [dbo].[Account_Right] ([ID], [ModuleID], [GroupID], [Right], [isBasic]) VALUES (72, N'3', 2, N'Sửa báo cáo chất lượng than tồn kho - tiêu thụ và sản xuất', 0)
GO
INSERT [dbo].[Account_Right] ([ID], [ModuleID], [GroupID], [Right], [isBasic]) VALUES (73, N'3', 1, N'Nhập báo cáo chất lượng than tồn kho - tiêu thụ và sản xuất', 0)
GO
INSERT [dbo].[Account_Right] ([ID], [ModuleID], [GroupID], [Right], [isBasic]) VALUES (74, N'4', 1, N'Màn báo cáo chi tiết sản xuất than', 1)
GO
INSERT [dbo].[Account_Right] ([ID], [ModuleID], [GroupID], [Right], [isBasic]) VALUES (75, N'4', 1, N'Chỉnh sửa báo cáo chi tiết sản xuất than', 1)
GO
INSERT [dbo].[Account_Right] ([ID], [ModuleID], [GroupID], [Right], [isBasic]) VALUES (77, N'4', 2, N'Báo cáo nhân lực ngày/tháng', 1)
GO
INSERT [dbo].[Account_Right] ([ID], [ModuleID], [GroupID], [Right], [isBasic]) VALUES (79, N'4', 3, N'Báo cáo sự cố', 1)
GO
INSERT [dbo].[Account_Right] ([ID], [ModuleID], [GroupID], [Right], [isBasic]) VALUES (80, N'5', 1, N'Ban giám đốc', 1)
GO
INSERT [dbo].[Account_Right] ([ID], [ModuleID], [GroupID], [Right], [isBasic]) VALUES (81, N'6', 1, N'Nhập báo cáo thực hiện kế hoạch sản xuất', 1)
GO
INSERT [dbo].[Account_Right] ([ID], [ModuleID], [GroupID], [Right], [isBasic]) VALUES (82, N'1', 8, N'Nghiệm thu thiết bị', NULL)
GO
INSERT [dbo].[Account_Right] ([ID], [ModuleID], [GroupID], [Right], [isBasic]) VALUES (83, N'1', 13, N'Thêm danh sách quyết định sửa chữa', NULL)
GO
INSERT [dbo].[Account_Right] ([ID], [ModuleID], [GroupID], [Right], [isBasic]) VALUES (84, N'1', 13, N'Chỉnh sửa/Cập nhật quyết định sửa chữa', NULL)
GO
INSERT [dbo].[Account_Right] ([ID], [ModuleID], [GroupID], [Right], [isBasic]) VALUES (85, N'1', 14, N'Thêm danh sách quyết định bảo dưỡng', NULL)
GO
INSERT [dbo].[Account_Right] ([ID], [ModuleID], [GroupID], [Right], [isBasic]) VALUES (86, N'1', 14, N'Chỉnh sửa/Cập nhật quyết định bảo dưỡng', NULL)
GO
INSERT [dbo].[Account_Right] ([ID], [ModuleID], [GroupID], [Right], [isBasic]) VALUES (87, N'1', 16, N'Thêm danh sách quyết định điều động', NULL)
GO
INSERT [dbo].[Account_Right] ([ID], [ModuleID], [GroupID], [Right], [isBasic]) VALUES (88, N'1', 16, N'Chỉnh sửa/Cập nhật quyết định điều động', NULL)
GO
INSERT [dbo].[Account_Right] ([ID], [ModuleID], [GroupID], [Right], [isBasic]) VALUES (89, N'1', 17, N'Thêm danh sách quyết định thu hồi', NULL)
GO
INSERT [dbo].[Account_Right] ([ID], [ModuleID], [GroupID], [Right], [isBasic]) VALUES (90, N'1', 17, N'Chỉnh sửa/Cập nhật quyết định thu hồi', NULL)
GO
INSERT [dbo].[Account_Right] ([ID], [ModuleID], [GroupID], [Right], [isBasic]) VALUES (91, N'1', 18, N'Thêm danh sách quyết định thanh lí', NULL)
GO
INSERT [dbo].[Account_Right] ([ID], [ModuleID], [GroupID], [Right], [isBasic]) VALUES (92, N'1', 18, N'Chỉnh sửa/Cập nhật quyết định thanh lí', NULL)
GO
INSERT [dbo].[Account_Right] ([ID], [ModuleID], [GroupID], [Right], [isBasic]) VALUES (93, N'1', 19, N'Thêm danh sách quyết định kiểm định', NULL)
GO
INSERT [dbo].[Account_Right] ([ID], [ModuleID], [GroupID], [Right], [isBasic]) VALUES (94, N'1', 19, N'Chỉnh sửa/Cập nhật quyết định kiểm định', NULL)
GO
INSERT [dbo].[Account_Right] ([ID], [ModuleID], [GroupID], [Right], [isBasic]) VALUES (95, N'1', 20, N'Thêm danh sách quyết định trung đại tu', NULL)
GO
INSERT [dbo].[Account_Right] ([ID], [ModuleID], [GroupID], [Right], [isBasic]) VALUES (96, N'1', 20, N'Chỉnh sửa/Cập nhật quyết định trung đại tu', NULL)
GO
INSERT [dbo].[Account_Right] ([ID], [ModuleID], [GroupID], [Right], [isBasic]) VALUES (98, N'2', 9, N'Xem chứng chỉ,chứng nhận đào tạo', NULL)
GO
INSERT [dbo].[Account_Right] ([ID], [ModuleID], [GroupID], [Right], [isBasic]) VALUES (99, N'2', 10, N'Xem màn đăng kí công việc', NULL)
GO
INSERT [dbo].[Account_Right] ([ID], [ModuleID], [GroupID], [Right], [isBasic]) VALUES (100, N'2', 10, N'Chỉnh sửa bảng đăng kí công việc', NULL)
GO
INSERT [dbo].[Account_Right] ([ID], [ModuleID], [GroupID], [Right], [isBasic]) VALUES (101, N'2', 11, N'Xem báo cáo tình trạng chứng chỉ công việc', NULL)
GO
INSERT [dbo].[Account_Right] ([ID], [ModuleID], [GroupID], [Right], [isBasic]) VALUES (102, N'2', 12, N'Xem màn đã xữ lí quyết định điều động', NULL)
GO
INSERT [dbo].[Account_Right] ([ID], [ModuleID], [GroupID], [Right], [isBasic]) VALUES (103, N'2', 13, N'Xem màn chưa xử lí quyết định điều động', NULL)
GO
INSERT [dbo].[Account_Right] ([ID], [ModuleID], [GroupID], [Right], [isBasic]) VALUES (104, N'2', 14, N'Màn tổng hợp các đơn vị chấm dứt tuyển dụng', NULL)
GO
INSERT [dbo].[Account_Right] ([ID], [ModuleID], [GroupID], [Right], [isBasic]) VALUES (105, N'2', 14, N'Chỉnh sửa tổng hợp các đơn vị chấm dứt tuyển dụng', NULL)
GO
INSERT [dbo].[Account_Right] ([ID], [ModuleID], [GroupID], [Right], [isBasic]) VALUES (106, N'2', 15, N'Xem màn tổng hợp tuyển dụng', NULL)
GO
INSERT [dbo].[Account_Right] ([ID], [ModuleID], [GroupID], [Right], [isBasic]) VALUES (107, N'2', 15, N'Chỉnh sửa tổng hợp tuyển dụng', NULL)
GO
INSERT [dbo].[Account_Right] ([ID], [ModuleID], [GroupID], [Right], [isBasic]) VALUES (108, N'2', 16, N'Xem màn tổng hợp chấm dứt', NULL)
GO
INSERT [dbo].[Account_Right] ([ID], [ModuleID], [GroupID], [Right], [isBasic]) VALUES (109, N'2', 16, N'Chỉnh sửa tổng hợp chấm dứt', NULL)
GO
INSERT [dbo].[Account_Right] ([ID], [ModuleID], [GroupID], [Right], [isBasic]) VALUES (110, N'2', 17, N'Xem báo cáo tăng giảm lao động', NULL)
GO
INSERT [dbo].[Account_Right] ([ID], [ModuleID], [GroupID], [Right], [isBasic]) VALUES (111, N'2', 18, N'Xem màn biên bản chung', NULL)
GO
INSERT [dbo].[Account_Right] ([ID], [ModuleID], [GroupID], [Right], [isBasic]) VALUES (112, N'2', 19, N'Xem lịch sử thay đổi dữ liệu', NULL)
GO
INSERT [dbo].[Account_Right] ([ID], [ModuleID], [GroupID], [Right], [isBasic]) VALUES (114, N'1', 1, N'Thêm nhóm thiết bị', NULL)
GO
INSERT [dbo].[Account_Right] ([ID], [ModuleID], [GroupID], [Right], [isBasic]) VALUES (115, N'1', 2, N'Cập nhật ngày kiểm định ô tô', NULL)
GO
INSERT [dbo].[Account_Right] ([ID], [ModuleID], [GroupID], [Right], [isBasic]) VALUES (116, N'1', 6, N'Xử lí quyết định', NULL)
GO
INSERT [dbo].[Account_Right] ([ID], [ModuleID], [GroupID], [Right], [isBasic]) VALUES (117, N'1', 15, N'Màn cấp vật tư sữa chữa thường xuyên', NULL)
GO
INSERT [dbo].[Account_Right] ([ID], [ModuleID], [GroupID], [Right], [isBasic]) VALUES (118, N'1', 11, N'Chỉnh sửa bảng tổng hợp vật tư', NULL)
GO
INSERT [dbo].[Account_Right] ([ID], [ModuleID], [GroupID], [Right], [isBasic]) VALUES (119, N'2', 13, N'Thêm mã quyết định điều động nhân viên', NULL)
GO
INSERT [dbo].[Account_Right] ([ID], [ModuleID], [GroupID], [Right], [isBasic]) VALUES (120, N'2', 13, N'Xóa quyết định điều động nhân viên', NULL)
GO
INSERT [dbo].[Account_Right] ([ID], [ModuleID], [GroupID], [Right], [isBasic]) VALUES (121, N'2', 12, N'Xóa quyết định đã xử lí', NULL)
GO
INSERT [dbo].[Account_Right] ([ID], [ModuleID], [GroupID], [Right], [isBasic]) VALUES (122, N'2', 20, N'Xem màn đăng kí suất ăn', NULL)
GO
INSERT [dbo].[Account_Right] ([ID], [ModuleID], [GroupID], [Right], [isBasic]) VALUES (123, N'2', 20, N'Đăng kí suất ăn', NULL)
GO
INSERT [dbo].[Account_Right] ([ID], [ModuleID], [GroupID], [Right], [isBasic]) VALUES (124, N'2', 21, N'Xem màn chấm dứt hợp đồng', NULL)
GO
INSERT [dbo].[Account_Right] ([ID], [ModuleID], [GroupID], [Right], [isBasic]) VALUES (125, N'2', 21, N'Thêm mã quyết định thanh lí hợp đồng', NULL)
GO
INSERT [dbo].[Account_Right] ([ID], [ModuleID], [GroupID], [Right], [isBasic]) VALUES (126, N'2', 21, N'Xóa quyết định thanh lí hợp đồng', NULL)
GO
INSERT [dbo].[Account_Right] ([ID], [ModuleID], [GroupID], [Right], [isBasic]) VALUES (127, N'2', 22, N'Xem màn đã chấm dứt hợp đồng', NULL)
GO
INSERT [dbo].[Account_Right] ([ID], [ModuleID], [GroupID], [Right], [isBasic]) VALUES (128, N'2', 22, N'Xóa quyết định đã chấm dứt hợp đồng', NULL)
GO
INSERT [dbo].[Account_Right] ([ID], [ModuleID], [GroupID], [Right], [isBasic]) VALUES (129, N'2', 23, N'Xem màn quản lí hồ sơ trong công ty', NULL)
GO
INSERT [dbo].[Account_Right] ([ID], [ModuleID], [GroupID], [Right], [isBasic]) VALUES (130, N'2', 23, N'Xem chi tiết hồ sơ nhân viên trong công ty', NULL)
GO
INSERT [dbo].[Account_Right] ([ID], [ModuleID], [GroupID], [Right], [isBasic]) VALUES (131, N'2', 23, N'Sửa chi tiết hồ sơ nhân viên trong công ty', NULL)
GO
INSERT [dbo].[Account_Right] ([ID], [ModuleID], [GroupID], [Right], [isBasic]) VALUES (132, N'2', 24, N'Xem quản lí hồ sơ ngoài công ty', NULL)
GO
INSERT [dbo].[Account_Right] ([ID], [ModuleID], [GroupID], [Right], [isBasic]) VALUES (133, N'2', 24, N'Xem chi tiết hồ sơ ngoài công ty', NULL)
GO
INSERT [dbo].[Account_Right] ([ID], [ModuleID], [GroupID], [Right], [isBasic]) VALUES (134, N'2', 24, N'Sửa chi tiết hồ sơ ngoài công ty', NULL)
GO
INSERT [dbo].[Account_Right] ([ID], [ModuleID], [GroupID], [Right], [isBasic]) VALUES (135, N'2', 25, N'Xem màn chuẩn hóa tên', NULL)
GO
INSERT [dbo].[Account_Right] ([ID], [ModuleID], [GroupID], [Right], [isBasic]) VALUES (136, N'2', 25, N'Thêm chuẩn hóa tên', NULL)
GO
INSERT [dbo].[Account_Right] ([ID], [ModuleID], [GroupID], [Right], [isBasic]) VALUES (137, N'2', 25, N'Chỉnh sửa chuẩn hóa tên', NULL)
GO
INSERT [dbo].[Account_Right] ([ID], [ModuleID], [GroupID], [Right], [isBasic]) VALUES (138, N'2', 26, N'Xem màn đăng kí nhiệm vụ', NULL)
GO
INSERT [dbo].[Account_Right] ([ID], [ModuleID], [GroupID], [Right], [isBasic]) VALUES (139, N'2', 26, N'Xác nhận đăng kí nhiệm vụ', NULL)
GO
INSERT [dbo].[Account_Right] ([ID], [ModuleID], [GroupID], [Right], [isBasic]) VALUES (140, N'2', 26, N'Xem chứng chỉ của 1 nhân viên', NULL)
GO
INSERT [dbo].[Account_Right] ([ID], [ModuleID], [GroupID], [Right], [isBasic]) VALUES (141, N'2', 27, N'Xem màn báo cáo tình trạng chứng chỉ', NULL)
GO
INSERT [dbo].[Account_Right] ([ID], [ModuleID], [GroupID], [Right], [isBasic]) VALUES (142, N'2', 27, N'Gia hạn chứng chỉ', NULL)
GO
INSERT [dbo].[Account_Right] ([ID], [ModuleID], [GroupID], [Right], [isBasic]) VALUES (143, N'2', 27, N'Đăng kí chứng chỉ', NULL)
GO
INSERT [dbo].[Account_Right] ([ID], [ModuleID], [GroupID], [Right], [isBasic]) VALUES (144, N'3', 1, N'Lưu báo cáo', NULL)
GO
INSERT [dbo].[Account_Right] ([ID], [ModuleID], [GroupID], [Right], [isBasic]) VALUES (145, N'12', 1, N'Đăng kí suất ăn', NULL)
GO
SET IDENTITY_INSERT [dbo].[Account_Right] OFF
GO
SET IDENTITY_INSERT [dbo].[Account_Right_Detail] ON 

GO
INSERT [dbo].[Account_Right_Detail] ([ID], [AccountID], [RightID]) VALUES (3028, 1, 1)
GO
INSERT [dbo].[Account_Right_Detail] ([ID], [AccountID], [RightID]) VALUES (3029, 1, 6)
GO
INSERT [dbo].[Account_Right_Detail] ([ID], [AccountID], [RightID]) VALUES (2387, 14, 1)
GO
INSERT [dbo].[Account_Right_Detail] ([ID], [AccountID], [RightID]) VALUES (2388, 14, 2)
GO
INSERT [dbo].[Account_Right_Detail] ([ID], [AccountID], [RightID]) VALUES (2389, 14, 3)
GO
INSERT [dbo].[Account_Right_Detail] ([ID], [AccountID], [RightID]) VALUES (2390, 14, 4)
GO
INSERT [dbo].[Account_Right_Detail] ([ID], [AccountID], [RightID]) VALUES (2391, 14, 5)
GO
INSERT [dbo].[Account_Right_Detail] ([ID], [AccountID], [RightID]) VALUES (2392, 14, 6)
GO
INSERT [dbo].[Account_Right_Detail] ([ID], [AccountID], [RightID]) VALUES (2393, 14, 7)
GO
INSERT [dbo].[Account_Right_Detail] ([ID], [AccountID], [RightID]) VALUES (2394, 14, 8)
GO
INSERT [dbo].[Account_Right_Detail] ([ID], [AccountID], [RightID]) VALUES (2395, 14, 9)
GO
INSERT [dbo].[Account_Right_Detail] ([ID], [AccountID], [RightID]) VALUES (2396, 14, 10)
GO
INSERT [dbo].[Account_Right_Detail] ([ID], [AccountID], [RightID]) VALUES (2397, 14, 11)
GO
INSERT [dbo].[Account_Right_Detail] ([ID], [AccountID], [RightID]) VALUES (2398, 14, 12)
GO
INSERT [dbo].[Account_Right_Detail] ([ID], [AccountID], [RightID]) VALUES (2399, 14, 13)
GO
INSERT [dbo].[Account_Right_Detail] ([ID], [AccountID], [RightID]) VALUES (2400, 14, 14)
GO
INSERT [dbo].[Account_Right_Detail] ([ID], [AccountID], [RightID]) VALUES (2401, 14, 15)
GO
INSERT [dbo].[Account_Right_Detail] ([ID], [AccountID], [RightID]) VALUES (2402, 14, 16)
GO
INSERT [dbo].[Account_Right_Detail] ([ID], [AccountID], [RightID]) VALUES (2403, 14, 17)
GO
INSERT [dbo].[Account_Right_Detail] ([ID], [AccountID], [RightID]) VALUES (2404, 14, 18)
GO
INSERT [dbo].[Account_Right_Detail] ([ID], [AccountID], [RightID]) VALUES (2405, 14, 19)
GO
INSERT [dbo].[Account_Right_Detail] ([ID], [AccountID], [RightID]) VALUES (2406, 14, 20)
GO
INSERT [dbo].[Account_Right_Detail] ([ID], [AccountID], [RightID]) VALUES (2407, 14, 21)
GO
INSERT [dbo].[Account_Right_Detail] ([ID], [AccountID], [RightID]) VALUES (2408, 14, 22)
GO
INSERT [dbo].[Account_Right_Detail] ([ID], [AccountID], [RightID]) VALUES (2409, 14, 23)
GO
INSERT [dbo].[Account_Right_Detail] ([ID], [AccountID], [RightID]) VALUES (2410, 14, 24)
GO
INSERT [dbo].[Account_Right_Detail] ([ID], [AccountID], [RightID]) VALUES (2411, 14, 25)
GO
INSERT [dbo].[Account_Right_Detail] ([ID], [AccountID], [RightID]) VALUES (2412, 14, 26)
GO
INSERT [dbo].[Account_Right_Detail] ([ID], [AccountID], [RightID]) VALUES (2413, 14, 27)
GO
INSERT [dbo].[Account_Right_Detail] ([ID], [AccountID], [RightID]) VALUES (2414, 14, 28)
GO
INSERT [dbo].[Account_Right_Detail] ([ID], [AccountID], [RightID]) VALUES (2415, 14, 29)
GO
INSERT [dbo].[Account_Right_Detail] ([ID], [AccountID], [RightID]) VALUES (2416, 14, 30)
GO
INSERT [dbo].[Account_Right_Detail] ([ID], [AccountID], [RightID]) VALUES (2417, 14, 31)
GO
INSERT [dbo].[Account_Right_Detail] ([ID], [AccountID], [RightID]) VALUES (2418, 14, 32)
GO
INSERT [dbo].[Account_Right_Detail] ([ID], [AccountID], [RightID]) VALUES (2419, 14, 33)
GO
INSERT [dbo].[Account_Right_Detail] ([ID], [AccountID], [RightID]) VALUES (2420, 14, 34)
GO
INSERT [dbo].[Account_Right_Detail] ([ID], [AccountID], [RightID]) VALUES (2421, 14, 35)
GO
INSERT [dbo].[Account_Right_Detail] ([ID], [AccountID], [RightID]) VALUES (2422, 14, 36)
GO
INSERT [dbo].[Account_Right_Detail] ([ID], [AccountID], [RightID]) VALUES (2423, 14, 37)
GO
INSERT [dbo].[Account_Right_Detail] ([ID], [AccountID], [RightID]) VALUES (2424, 14, 38)
GO
INSERT [dbo].[Account_Right_Detail] ([ID], [AccountID], [RightID]) VALUES (2425, 14, 39)
GO
INSERT [dbo].[Account_Right_Detail] ([ID], [AccountID], [RightID]) VALUES (2426, 14, 40)
GO
INSERT [dbo].[Account_Right_Detail] ([ID], [AccountID], [RightID]) VALUES (2427, 14, 41)
GO
INSERT [dbo].[Account_Right_Detail] ([ID], [AccountID], [RightID]) VALUES (2428, 14, 42)
GO
INSERT [dbo].[Account_Right_Detail] ([ID], [AccountID], [RightID]) VALUES (2429, 14, 43)
GO
INSERT [dbo].[Account_Right_Detail] ([ID], [AccountID], [RightID]) VALUES (2430, 14, 44)
GO
INSERT [dbo].[Account_Right_Detail] ([ID], [AccountID], [RightID]) VALUES (2431, 14, 45)
GO
INSERT [dbo].[Account_Right_Detail] ([ID], [AccountID], [RightID]) VALUES (2432, 14, 46)
GO
INSERT [dbo].[Account_Right_Detail] ([ID], [AccountID], [RightID]) VALUES (2433, 14, 47)
GO
INSERT [dbo].[Account_Right_Detail] ([ID], [AccountID], [RightID]) VALUES (2434, 14, 48)
GO
INSERT [dbo].[Account_Right_Detail] ([ID], [AccountID], [RightID]) VALUES (2435, 14, 49)
GO
INSERT [dbo].[Account_Right_Detail] ([ID], [AccountID], [RightID]) VALUES (2436, 14, 50)
GO
INSERT [dbo].[Account_Right_Detail] ([ID], [AccountID], [RightID]) VALUES (2437, 14, 51)
GO
INSERT [dbo].[Account_Right_Detail] ([ID], [AccountID], [RightID]) VALUES (2438, 14, 52)
GO
INSERT [dbo].[Account_Right_Detail] ([ID], [AccountID], [RightID]) VALUES (2439, 14, 53)
GO
INSERT [dbo].[Account_Right_Detail] ([ID], [AccountID], [RightID]) VALUES (2440, 14, 54)
GO
INSERT [dbo].[Account_Right_Detail] ([ID], [AccountID], [RightID]) VALUES (2441, 14, 55)
GO
INSERT [dbo].[Account_Right_Detail] ([ID], [AccountID], [RightID]) VALUES (2442, 14, 56)
GO
INSERT [dbo].[Account_Right_Detail] ([ID], [AccountID], [RightID]) VALUES (2443, 14, 57)
GO
INSERT [dbo].[Account_Right_Detail] ([ID], [AccountID], [RightID]) VALUES (2444, 14, 58)
GO
INSERT [dbo].[Account_Right_Detail] ([ID], [AccountID], [RightID]) VALUES (2445, 14, 59)
GO
INSERT [dbo].[Account_Right_Detail] ([ID], [AccountID], [RightID]) VALUES (2446, 14, 60)
GO
INSERT [dbo].[Account_Right_Detail] ([ID], [AccountID], [RightID]) VALUES (2447, 14, 61)
GO
INSERT [dbo].[Account_Right_Detail] ([ID], [AccountID], [RightID]) VALUES (2448, 14, 62)
GO
INSERT [dbo].[Account_Right_Detail] ([ID], [AccountID], [RightID]) VALUES (2449, 14, 63)
GO
INSERT [dbo].[Account_Right_Detail] ([ID], [AccountID], [RightID]) VALUES (2450, 14, 64)
GO
INSERT [dbo].[Account_Right_Detail] ([ID], [AccountID], [RightID]) VALUES (2451, 14, 65)
GO
INSERT [dbo].[Account_Right_Detail] ([ID], [AccountID], [RightID]) VALUES (2452, 14, 66)
GO
INSERT [dbo].[Account_Right_Detail] ([ID], [AccountID], [RightID]) VALUES (2453, 14, 67)
GO
INSERT [dbo].[Account_Right_Detail] ([ID], [AccountID], [RightID]) VALUES (2454, 14, 68)
GO
INSERT [dbo].[Account_Right_Detail] ([ID], [AccountID], [RightID]) VALUES (2455, 14, 69)
GO
INSERT [dbo].[Account_Right_Detail] ([ID], [AccountID], [RightID]) VALUES (2456, 14, 70)
GO
INSERT [dbo].[Account_Right_Detail] ([ID], [AccountID], [RightID]) VALUES (2457, 14, 71)
GO
INSERT [dbo].[Account_Right_Detail] ([ID], [AccountID], [RightID]) VALUES (2458, 14, 72)
GO
INSERT [dbo].[Account_Right_Detail] ([ID], [AccountID], [RightID]) VALUES (2459, 14, 73)
GO
INSERT [dbo].[Account_Right_Detail] ([ID], [AccountID], [RightID]) VALUES (2460, 14, 74)
GO
INSERT [dbo].[Account_Right_Detail] ([ID], [AccountID], [RightID]) VALUES (2461, 14, 75)
GO
INSERT [dbo].[Account_Right_Detail] ([ID], [AccountID], [RightID]) VALUES (2462, 14, 76)
GO
INSERT [dbo].[Account_Right_Detail] ([ID], [AccountID], [RightID]) VALUES (2463, 14, 77)
GO
INSERT [dbo].[Account_Right_Detail] ([ID], [AccountID], [RightID]) VALUES (2464, 14, 78)
GO
INSERT [dbo].[Account_Right_Detail] ([ID], [AccountID], [RightID]) VALUES (2465, 14, 79)
GO
INSERT [dbo].[Account_Right_Detail] ([ID], [AccountID], [RightID]) VALUES (2466, 14, 80)
GO
INSERT [dbo].[Account_Right_Detail] ([ID], [AccountID], [RightID]) VALUES (2467, 14, 81)
GO
INSERT [dbo].[Account_Right_Detail] ([ID], [AccountID], [RightID]) VALUES (3030, 22, 1)
GO
INSERT [dbo].[Account_Right_Detail] ([ID], [AccountID], [RightID]) VALUES (3031, 22, 2)
GO
INSERT [dbo].[Account_Right_Detail] ([ID], [AccountID], [RightID]) VALUES (3032, 22, 3)
GO
INSERT [dbo].[Account_Right_Detail] ([ID], [AccountID], [RightID]) VALUES (3033, 22, 4)
GO
INSERT [dbo].[Account_Right_Detail] ([ID], [AccountID], [RightID]) VALUES (3034, 22, 5)
GO
INSERT [dbo].[Account_Right_Detail] ([ID], [AccountID], [RightID]) VALUES (3035, 22, 6)
GO
INSERT [dbo].[Account_Right_Detail] ([ID], [AccountID], [RightID]) VALUES (3036, 22, 7)
GO
INSERT [dbo].[Account_Right_Detail] ([ID], [AccountID], [RightID]) VALUES (3037, 22, 8)
GO
INSERT [dbo].[Account_Right_Detail] ([ID], [AccountID], [RightID]) VALUES (3038, 22, 9)
GO
INSERT [dbo].[Account_Right_Detail] ([ID], [AccountID], [RightID]) VALUES (3039, 22, 10)
GO
INSERT [dbo].[Account_Right_Detail] ([ID], [AccountID], [RightID]) VALUES (3040, 22, 11)
GO
INSERT [dbo].[Account_Right_Detail] ([ID], [AccountID], [RightID]) VALUES (3041, 22, 12)
GO
INSERT [dbo].[Account_Right_Detail] ([ID], [AccountID], [RightID]) VALUES (3042, 22, 13)
GO
INSERT [dbo].[Account_Right_Detail] ([ID], [AccountID], [RightID]) VALUES (3043, 22, 14)
GO
INSERT [dbo].[Account_Right_Detail] ([ID], [AccountID], [RightID]) VALUES (3044, 22, 15)
GO
INSERT [dbo].[Account_Right_Detail] ([ID], [AccountID], [RightID]) VALUES (3045, 22, 16)
GO
INSERT [dbo].[Account_Right_Detail] ([ID], [AccountID], [RightID]) VALUES (3046, 22, 17)
GO
INSERT [dbo].[Account_Right_Detail] ([ID], [AccountID], [RightID]) VALUES (3047, 22, 18)
GO
INSERT [dbo].[Account_Right_Detail] ([ID], [AccountID], [RightID]) VALUES (3048, 22, 19)
GO
INSERT [dbo].[Account_Right_Detail] ([ID], [AccountID], [RightID]) VALUES (3049, 22, 20)
GO
INSERT [dbo].[Account_Right_Detail] ([ID], [AccountID], [RightID]) VALUES (3050, 22, 21)
GO
INSERT [dbo].[Account_Right_Detail] ([ID], [AccountID], [RightID]) VALUES (3051, 22, 23)
GO
INSERT [dbo].[Account_Right_Detail] ([ID], [AccountID], [RightID]) VALUES (3052, 22, 24)
GO
INSERT [dbo].[Account_Right_Detail] ([ID], [AccountID], [RightID]) VALUES (3053, 22, 25)
GO
INSERT [dbo].[Account_Right_Detail] ([ID], [AccountID], [RightID]) VALUES (3054, 22, 26)
GO
INSERT [dbo].[Account_Right_Detail] ([ID], [AccountID], [RightID]) VALUES (3055, 22, 27)
GO
INSERT [dbo].[Account_Right_Detail] ([ID], [AccountID], [RightID]) VALUES (3056, 22, 28)
GO
INSERT [dbo].[Account_Right_Detail] ([ID], [AccountID], [RightID]) VALUES (3057, 22, 29)
GO
INSERT [dbo].[Account_Right_Detail] ([ID], [AccountID], [RightID]) VALUES (3058, 22, 30)
GO
INSERT [dbo].[Account_Right_Detail] ([ID], [AccountID], [RightID]) VALUES (3059, 22, 31)
GO
INSERT [dbo].[Account_Right_Detail] ([ID], [AccountID], [RightID]) VALUES (3060, 22, 33)
GO
INSERT [dbo].[Account_Right_Detail] ([ID], [AccountID], [RightID]) VALUES (3061, 22, 35)
GO
INSERT [dbo].[Account_Right_Detail] ([ID], [AccountID], [RightID]) VALUES (3062, 22, 37)
GO
INSERT [dbo].[Account_Right_Detail] ([ID], [AccountID], [RightID]) VALUES (3063, 22, 38)
GO
INSERT [dbo].[Account_Right_Detail] ([ID], [AccountID], [RightID]) VALUES (3064, 22, 39)
GO
INSERT [dbo].[Account_Right_Detail] ([ID], [AccountID], [RightID]) VALUES (3065, 22, 40)
GO
INSERT [dbo].[Account_Right_Detail] ([ID], [AccountID], [RightID]) VALUES (3066, 22, 41)
GO
INSERT [dbo].[Account_Right_Detail] ([ID], [AccountID], [RightID]) VALUES (3067, 22, 42)
GO
INSERT [dbo].[Account_Right_Detail] ([ID], [AccountID], [RightID]) VALUES (3068, 22, 43)
GO
INSERT [dbo].[Account_Right_Detail] ([ID], [AccountID], [RightID]) VALUES (3069, 22, 44)
GO
INSERT [dbo].[Account_Right_Detail] ([ID], [AccountID], [RightID]) VALUES (3070, 22, 45)
GO
INSERT [dbo].[Account_Right_Detail] ([ID], [AccountID], [RightID]) VALUES (3071, 22, 46)
GO
INSERT [dbo].[Account_Right_Detail] ([ID], [AccountID], [RightID]) VALUES (3072, 22, 47)
GO
INSERT [dbo].[Account_Right_Detail] ([ID], [AccountID], [RightID]) VALUES (3073, 22, 48)
GO
INSERT [dbo].[Account_Right_Detail] ([ID], [AccountID], [RightID]) VALUES (3074, 22, 49)
GO
INSERT [dbo].[Account_Right_Detail] ([ID], [AccountID], [RightID]) VALUES (3075, 22, 50)
GO
INSERT [dbo].[Account_Right_Detail] ([ID], [AccountID], [RightID]) VALUES (3076, 22, 82)
GO
INSERT [dbo].[Account_Right_Detail] ([ID], [AccountID], [RightID]) VALUES (3077, 22, 83)
GO
INSERT [dbo].[Account_Right_Detail] ([ID], [AccountID], [RightID]) VALUES (3078, 22, 84)
GO
INSERT [dbo].[Account_Right_Detail] ([ID], [AccountID], [RightID]) VALUES (3079, 22, 85)
GO
INSERT [dbo].[Account_Right_Detail] ([ID], [AccountID], [RightID]) VALUES (3080, 22, 86)
GO
INSERT [dbo].[Account_Right_Detail] ([ID], [AccountID], [RightID]) VALUES (3081, 22, 87)
GO
INSERT [dbo].[Account_Right_Detail] ([ID], [AccountID], [RightID]) VALUES (3082, 22, 88)
GO
INSERT [dbo].[Account_Right_Detail] ([ID], [AccountID], [RightID]) VALUES (3083, 22, 89)
GO
INSERT [dbo].[Account_Right_Detail] ([ID], [AccountID], [RightID]) VALUES (3084, 22, 90)
GO
INSERT [dbo].[Account_Right_Detail] ([ID], [AccountID], [RightID]) VALUES (3085, 22, 91)
GO
INSERT [dbo].[Account_Right_Detail] ([ID], [AccountID], [RightID]) VALUES (3086, 22, 92)
GO
INSERT [dbo].[Account_Right_Detail] ([ID], [AccountID], [RightID]) VALUES (3087, 22, 93)
GO
INSERT [dbo].[Account_Right_Detail] ([ID], [AccountID], [RightID]) VALUES (3088, 22, 94)
GO
INSERT [dbo].[Account_Right_Detail] ([ID], [AccountID], [RightID]) VALUES (3089, 22, 95)
GO
INSERT [dbo].[Account_Right_Detail] ([ID], [AccountID], [RightID]) VALUES (3090, 22, 96)
GO
INSERT [dbo].[Account_Right_Detail] ([ID], [AccountID], [RightID]) VALUES (3091, 22, 114)
GO
INSERT [dbo].[Account_Right_Detail] ([ID], [AccountID], [RightID]) VALUES (3092, 22, 115)
GO
INSERT [dbo].[Account_Right_Detail] ([ID], [AccountID], [RightID]) VALUES (3093, 22, 116)
GO
INSERT [dbo].[Account_Right_Detail] ([ID], [AccountID], [RightID]) VALUES (3094, 22, 117)
GO
INSERT [dbo].[Account_Right_Detail] ([ID], [AccountID], [RightID]) VALUES (3095, 22, 118)
GO
INSERT [dbo].[Account_Right_Detail] ([ID], [AccountID], [RightID]) VALUES (3096, 23, 51)
GO
INSERT [dbo].[Account_Right_Detail] ([ID], [AccountID], [RightID]) VALUES (3097, 23, 52)
GO
INSERT [dbo].[Account_Right_Detail] ([ID], [AccountID], [RightID]) VALUES (3098, 23, 53)
GO
INSERT [dbo].[Account_Right_Detail] ([ID], [AccountID], [RightID]) VALUES (3099, 23, 54)
GO
INSERT [dbo].[Account_Right_Detail] ([ID], [AccountID], [RightID]) VALUES (3100, 23, 55)
GO
INSERT [dbo].[Account_Right_Detail] ([ID], [AccountID], [RightID]) VALUES (3101, 23, 56)
GO
INSERT [dbo].[Account_Right_Detail] ([ID], [AccountID], [RightID]) VALUES (3102, 23, 57)
GO
INSERT [dbo].[Account_Right_Detail] ([ID], [AccountID], [RightID]) VALUES (3103, 23, 58)
GO
INSERT [dbo].[Account_Right_Detail] ([ID], [AccountID], [RightID]) VALUES (3104, 23, 59)
GO
INSERT [dbo].[Account_Right_Detail] ([ID], [AccountID], [RightID]) VALUES (3105, 23, 60)
GO
INSERT [dbo].[Account_Right_Detail] ([ID], [AccountID], [RightID]) VALUES (3106, 23, 61)
GO
INSERT [dbo].[Account_Right_Detail] ([ID], [AccountID], [RightID]) VALUES (3107, 23, 62)
GO
INSERT [dbo].[Account_Right_Detail] ([ID], [AccountID], [RightID]) VALUES (3108, 23, 63)
GO
INSERT [dbo].[Account_Right_Detail] ([ID], [AccountID], [RightID]) VALUES (3109, 23, 64)
GO
INSERT [dbo].[Account_Right_Detail] ([ID], [AccountID], [RightID]) VALUES (3110, 23, 65)
GO
INSERT [dbo].[Account_Right_Detail] ([ID], [AccountID], [RightID]) VALUES (3111, 23, 67)
GO
INSERT [dbo].[Account_Right_Detail] ([ID], [AccountID], [RightID]) VALUES (3112, 23, 98)
GO
INSERT [dbo].[Account_Right_Detail] ([ID], [AccountID], [RightID]) VALUES (3113, 23, 99)
GO
INSERT [dbo].[Account_Right_Detail] ([ID], [AccountID], [RightID]) VALUES (3114, 23, 100)
GO
INSERT [dbo].[Account_Right_Detail] ([ID], [AccountID], [RightID]) VALUES (3115, 23, 101)
GO
INSERT [dbo].[Account_Right_Detail] ([ID], [AccountID], [RightID]) VALUES (3116, 23, 102)
GO
INSERT [dbo].[Account_Right_Detail] ([ID], [AccountID], [RightID]) VALUES (3117, 23, 103)
GO
INSERT [dbo].[Account_Right_Detail] ([ID], [AccountID], [RightID]) VALUES (3118, 23, 104)
GO
INSERT [dbo].[Account_Right_Detail] ([ID], [AccountID], [RightID]) VALUES (3119, 23, 105)
GO
INSERT [dbo].[Account_Right_Detail] ([ID], [AccountID], [RightID]) VALUES (3120, 23, 106)
GO
INSERT [dbo].[Account_Right_Detail] ([ID], [AccountID], [RightID]) VALUES (3121, 23, 107)
GO
INSERT [dbo].[Account_Right_Detail] ([ID], [AccountID], [RightID]) VALUES (3122, 23, 108)
GO
INSERT [dbo].[Account_Right_Detail] ([ID], [AccountID], [RightID]) VALUES (3123, 23, 109)
GO
INSERT [dbo].[Account_Right_Detail] ([ID], [AccountID], [RightID]) VALUES (3124, 23, 110)
GO
INSERT [dbo].[Account_Right_Detail] ([ID], [AccountID], [RightID]) VALUES (3125, 23, 111)
GO
INSERT [dbo].[Account_Right_Detail] ([ID], [AccountID], [RightID]) VALUES (3126, 23, 112)
GO
INSERT [dbo].[Account_Right_Detail] ([ID], [AccountID], [RightID]) VALUES (3127, 23, 119)
GO
INSERT [dbo].[Account_Right_Detail] ([ID], [AccountID], [RightID]) VALUES (3128, 23, 120)
GO
INSERT [dbo].[Account_Right_Detail] ([ID], [AccountID], [RightID]) VALUES (3129, 23, 121)
GO
INSERT [dbo].[Account_Right_Detail] ([ID], [AccountID], [RightID]) VALUES (3130, 23, 122)
GO
INSERT [dbo].[Account_Right_Detail] ([ID], [AccountID], [RightID]) VALUES (3131, 23, 123)
GO
INSERT [dbo].[Account_Right_Detail] ([ID], [AccountID], [RightID]) VALUES (3132, 23, 124)
GO
INSERT [dbo].[Account_Right_Detail] ([ID], [AccountID], [RightID]) VALUES (3133, 23, 125)
GO
INSERT [dbo].[Account_Right_Detail] ([ID], [AccountID], [RightID]) VALUES (3134, 23, 126)
GO
INSERT [dbo].[Account_Right_Detail] ([ID], [AccountID], [RightID]) VALUES (3135, 23, 127)
GO
INSERT [dbo].[Account_Right_Detail] ([ID], [AccountID], [RightID]) VALUES (3136, 23, 128)
GO
INSERT [dbo].[Account_Right_Detail] ([ID], [AccountID], [RightID]) VALUES (3137, 23, 129)
GO
INSERT [dbo].[Account_Right_Detail] ([ID], [AccountID], [RightID]) VALUES (3138, 23, 130)
GO
INSERT [dbo].[Account_Right_Detail] ([ID], [AccountID], [RightID]) VALUES (3139, 23, 131)
GO
INSERT [dbo].[Account_Right_Detail] ([ID], [AccountID], [RightID]) VALUES (3140, 23, 132)
GO
INSERT [dbo].[Account_Right_Detail] ([ID], [AccountID], [RightID]) VALUES (3141, 23, 133)
GO
INSERT [dbo].[Account_Right_Detail] ([ID], [AccountID], [RightID]) VALUES (3142, 23, 134)
GO
INSERT [dbo].[Account_Right_Detail] ([ID], [AccountID], [RightID]) VALUES (3143, 23, 135)
GO
INSERT [dbo].[Account_Right_Detail] ([ID], [AccountID], [RightID]) VALUES (3144, 23, 136)
GO
INSERT [dbo].[Account_Right_Detail] ([ID], [AccountID], [RightID]) VALUES (3145, 23, 137)
GO
INSERT [dbo].[Account_Right_Detail] ([ID], [AccountID], [RightID]) VALUES (3146, 23, 138)
GO
INSERT [dbo].[Account_Right_Detail] ([ID], [AccountID], [RightID]) VALUES (3147, 23, 139)
GO
INSERT [dbo].[Account_Right_Detail] ([ID], [AccountID], [RightID]) VALUES (3148, 23, 140)
GO
INSERT [dbo].[Account_Right_Detail] ([ID], [AccountID], [RightID]) VALUES (3149, 23, 141)
GO
INSERT [dbo].[Account_Right_Detail] ([ID], [AccountID], [RightID]) VALUES (3150, 23, 142)
GO
INSERT [dbo].[Account_Right_Detail] ([ID], [AccountID], [RightID]) VALUES (3151, 23, 143)
GO
INSERT [dbo].[Account_Right_Detail] ([ID], [AccountID], [RightID]) VALUES (3152, 24, 80)
GO
INSERT [dbo].[Account_Right_Detail] ([ID], [AccountID], [RightID]) VALUES (3153, 25, 74)
GO
INSERT [dbo].[Account_Right_Detail] ([ID], [AccountID], [RightID]) VALUES (3154, 25, 75)
GO
INSERT [dbo].[Account_Right_Detail] ([ID], [AccountID], [RightID]) VALUES (3155, 25, 77)
GO
INSERT [dbo].[Account_Right_Detail] ([ID], [AccountID], [RightID]) VALUES (3156, 25, 79)
GO
INSERT [dbo].[Account_Right_Detail] ([ID], [AccountID], [RightID]) VALUES (3157, 26, 81)
GO
INSERT [dbo].[Account_Right_Detail] ([ID], [AccountID], [RightID]) VALUES (3158, 27, 71)
GO
INSERT [dbo].[Account_Right_Detail] ([ID], [AccountID], [RightID]) VALUES (3159, 27, 72)
GO
INSERT [dbo].[Account_Right_Detail] ([ID], [AccountID], [RightID]) VALUES (3160, 27, 73)
GO
INSERT [dbo].[Account_Right_Detail] ([ID], [AccountID], [RightID]) VALUES (3161, 27, 144)
GO
INSERT [dbo].[Account_Right_Detail] ([ID], [AccountID], [RightID]) VALUES (3166, 28, 145)
GO
SET IDENTITY_INSERT [dbo].[Account_Right_Detail] OFF
GO
INSERT [dbo].[Module] ([ID], [Module]) VALUES (N'7', N'ADMIN')
GO
INSERT [dbo].[Module] ([ID], [Module]) VALUES (N'17', N'AT')
GO
INSERT [dbo].[Module] ([ID], [Module]) VALUES (N'5', N'BGD')
GO
INSERT [dbo].[Module] ([ID], [Module]) VALUES (N'1', N'CDVT')
GO
INSERT [dbo].[Module] ([ID], [Module]) VALUES (N'4', N'DK')
GO
INSERT [dbo].[Module] ([ID], [Module]) VALUES (N'18', N'KCM')
GO
INSERT [dbo].[Module] ([ID], [Module]) VALUES (N'3', N'KCS')
GO
INSERT [dbo].[Module] ([ID], [Module]) VALUES (N'13', N'PXCDM')
GO
INSERT [dbo].[Module] ([ID], [Module]) VALUES (N'8', N'PXDL')
GO
INSERT [dbo].[Module] ([ID], [Module]) VALUES (N'12', N'PXDS')
GO
INSERT [dbo].[Module] ([ID], [Module]) VALUES (N'6', N'PXKT')
GO
INSERT [dbo].[Module] ([ID], [Module]) VALUES (N'16', N'PXLT')
GO
INSERT [dbo].[Module] ([ID], [Module]) VALUES (N'11', N'PXPV')
GO
INSERT [dbo].[Module] ([ID], [Module]) VALUES (N'10', N'PXST')
GO
INSERT [dbo].[Module] ([ID], [Module]) VALUES (N'14', N'PXTGQLM')
GO
INSERT [dbo].[Module] ([ID], [Module]) VALUES (N'9', N'PXVT')
GO
INSERT [dbo].[Module] ([ID], [Module]) VALUES (N'15', N'PXXD')
GO
INSERT [dbo].[Module] ([ID], [Module]) VALUES (N'2', N'TCLD')
GO
